00:00,00:01,performance
00:01,00:02,performance
00:02,00:03,performance
00:03,00:04,performance
00:04,00:05,performance
00:05,00:06,performance
00:06,00:07,performance
00:07,00:08,performance
00:08,00:09,performance
00:09,00:10,performance
00:10,00:11,performance
00:11,00:12,performance
00:12,00:13,performance
00:13,00:14,performance
00:14,00:15,performance
00:15,00:16,performance
00:16,00:17,performance
00:17,00:18,performance
00:18,00:19,performance
00:19,00:20,performance
00:20,00:21,performance
00:21,00:22,performance
00:22,00:23,performance
00:23,00:24,performance
00:24,00:25,performance
00:25,00:26,performance
00:26,00:27,performance
00:27,00:28,performance
00:28,00:29,performance
00:29,00:30,performance
00:30,00:31,performance
00:31,00:32,performance
00:32,00:33,performance
00:33,00:34,performance
00:34,00:35,performance
00:35,00:36,performance
00:36,00:37,performance
00:37,00:38,performance
00:38,00:39,performance
00:39,00:40,performance
00:40,00:41,performance
00:41,00:42,performance
00:42,00:43,performance
00:43,00:44,performance
00:44,00:45,performance
00:45,00:46,performance
00:46,00:47,performance
00:47,00:48,performance
00:48,00:49,performance
00:49,00:50,performance
00:50,00:51,performance
00:51,00:52,performance
00:52,00:53,performance
00:53,00:54,performance
00:54,00:55,performance
00:55,00:56,performance
00:56,00:57,performance
00:57,00:58,performance
00:58,00:59,performance
00:59,01:00,performance
01:00,01:01,performance
01:01,01:02,performance
01:02,01:03,performance
01:03,01:04,performance
01:04,01:05,performance
01:05,01:06,performance
01:06,01:07,performance
01:07,01:08,performance
01:08,01:09,performance
01:09,01:10,performance
01:10,01:11,performance
01:11,01:12,performance
01:12,01:13,performance
01:13,01:14,performance
01:14,01:15,performance
01:15,01:16,performance
01:16,01:17,performance
01:17,01:18,performance
01:18,01:19,performance
01:19,01:20,performance
01:20,01:21,performance
01:21,01:22,performance
01:22,01:23,performance
01:23,01:24,performance
01:24,01:25,performance
01:25,01:26,performance
01:26,01:27,performance
01:27,01:28,performance
01:28,01:29,performance
01:29,01:30,performance
01:30,01:31,performance
01:31,01:32,performance
01:32,01:33,performance
01:33,01:34,performance
01:34,01:35,performance
01:35,01:36,performance
01:36,01:37,performance
01:37,01:38,performance
01:38,01:39,performance
01:39,01:40,performance
01:40,01:41,performance
01:41,01:42,performance
01:42,01:43,performance
01:43,01:44,performance
01:44,01:45,performance
01:45,01:46,performance
01:46,01:47,performance
01:47,01:48,performance
01:48,01:49,performance
01:49,01:50,performance
01:50,01:51,performance
01:51,01:52,performance
01:52,01:53,performance
01:53,01:54,performance
01:54,01:55,performance
01:55,01:56,performance
01:56,01:57,performance
01:57,01:58,performance
01:58,01:59,performance
01:59,02:00,performance
02:00,02:01,travel
02:01,02:02,travel
02:02,02:03,travel
02:03,02:04,travel
02:04,02:05,travel
02:05,02:06,travel
02:06,02:07,travel
02:07,02:08,travel
02:08,02:09,travel
02:09,02:10,travel
02:10,02:11,travel
02:11,02:12,travel
02:12,02:13,travel
02:13,02:14,travel
02:14,02:15,travel
02:15,02:16,travel
02:16,02:17,travel
02:17,02:18,travel
02:18,02:19,travel
02:19,02:20,travel
02:20,02:21,travel
02:21,02:22,travel
02:22,02:23,travel
02:23,02:24,travel
02:24,02:25,travel
02:25,02:26,travel
02:26,02:27,travel
02:27,02:28,travel
02:28,02:29,travel
02:29,02:30,travel
02:30,02:31,travel
02:31,02:32,travel
02:32,02:33,travel
02:33,02:34,travel
02:34,02:35,travel
02:35,02:36,travel
02:36,02:37,travel
02:37,02:38,travel
02:38,02:39,travel
02:39,02:40,travel
02:40,02:41,travel
02:41,02:42,travel
02:42,02:43,travel
02:43,02:44,travel
02:44,02:45,travel
02:45,02:46,travel
02:46,02:47,travel
02:47,02:48,travel
02:48,02:49,travel
02:49,02:50,travel
02:50,02:51,travel
02:51,02:52,travel
02:52,02:53,travel
02:53,02:54,travel
02:54,02:55,travel
02:55,02:56,travel
02:56,02:57,travel
02:57,02:58,travel
02:58,02:59,travel
02:59,03:00,travel
03:00,03:01,sleep
03:01,03:02,sleep
03:02,03:03,sleep
03:03,03:04,sleep
03:04,03:05,sleep
03:05,03:06,sleep
03:06,03:07,sleep
03:07,03:08,sleep
03:08,03:09,sleep
03:09,03:10,sleep
03:10,03:11,sleep
03:11,03:12,sleep
03:12,03:13,sleep
03:13,03:14,sleep
03:14,03:15,sleep
03:15,03:16,sleep
03:16,03:17,sleep
03:17,03:18,sleep
03:18,03:19,sleep
03:19,03:20,sleep
03:20,03:21,sleep
03:21,03:22,sleep
03:22,03:23,sleep
03:23,03:24,sleep
03:24,03:25,sleep
03:25,03:26,sleep
03:26,03:27,sleep
03:27,03:28,sleep
03:28,03:29,sleep
03:29,03:30,sleep
03:30,03:31,sleep
03:31,03:32,sleep
03:32,03:33,sleep
03:33,03:34,sleep
03:34,03:35,sleep
03:35,03:36,sleep
03:36,03:37,sleep
03:37,03:38,sleep
03:38,03:39,sleep
03:39,03:40,sleep
03:40,03:41,sleep
03:41,03:42,sleep
03:42,03:43,sleep
03:43,03:44,sleep
03:44,03:45,sleep
03:45,03:46,sleep
03:46,03:47,sleep
03:47,03:48,sleep
03:48,03:49,sleep
03:49,03:50,sleep
03:50,03:51,sleep
03:51,03:52,sleep
03:52,03:53,sleep
03:53,03:54,sleep
03:54,03:55,sleep
03:55,03:56,sleep
03:56,03:57,sleep
03:57,03:58,sleep
03:58,03:59,sleep
03:59,04:00,sleep
04:00,04:01,sleep
04:01,04:02,sleep
04:02,04:03,sleep
04:03,04:04,sleep
04:04,04:05,sleep
04:05,04:06,sleep
04:06,04:07,sleep
04:07,04:08,sleep
04:08,04:09,sleep
04:09,04:10,sleep
04:10,04:11,sleep
04:11,04:12,sleep
04:12,04:13,sleep
04:13,04:14,sleep
04:14,04:15,sleep
04:15,04:16,sleep
04:16,04:17,sleep
04:17,04:18,sleep
04:18,04:19,sleep
04:19,04:20,sleep
04:20,04:21,sleep
04:21,04:22,sleep
04:22,04:23,sleep
04:23,04:24,sleep
04:24,04:25,sleep
04:25,04:26,sleep
04:26,04:27,sleep
04:27,04:28,sleep
04:28,04:29,sleep
04:29,04:30,sleep
04:30,04:31,sleep
04:31,04:32,sleep
04:32,04:33,sleep
04:33,04:34,sleep
04:34,04:35,sleep
04:35,04:36,sleep
04:36,04:37,sleep
04:37,04:38,sleep
04:38,04:39,sleep
04:39,04:40,sleep
04:40,04:41,sleep
04:41,04:42,sleep
04:42,04:43,sleep
04:43,04:44,sleep
04:44,04:45,sleep
04:45,04:46,sleep
04:46,04:47,sleep
04:47,04:48,sleep
04:48,04:49,sleep
04:49,04:50,sleep
04:50,04:51,sleep
04:51,04:52,sleep
04:52,04:53,sleep
04:53,04:54,sleep
04:54,04:55,sleep
04:55,04:56,sleep
04:56,04:57,sleep
04:57,04:58,sleep
04:58,04:59,sleep
04:59,05:00,sleep
05:00,05:01,sleep
05:01,05:02,sleep
05:02,05:03,sleep
05:03,05:04,sleep
05:04,05:05,sleep
05:05,05:06,sleep
05:06,05:07,sleep
05:07,05:08,sleep
05:08,05:09,sleep
05:09,05:10,sleep
05:10,05:11,sleep
05:11,05:12,sleep
05:12,05:13,sleep
05:13,05:14,sleep
05:14,05:15,sleep
05:15,05:16,sleep
05:16,05:17,sleep
05:17,05:18,sleep
05:18,05:19,sleep
05:19,05:20,sleep
05:20,05:21,sleep
05:21,05:22,sleep
05:22,05:23,sleep
05:23,05:24,sleep
05:24,05:25,sleep
05:25,05:26,sleep
05:26,05:27,sleep
05:27,05:28,sleep
05:28,05:29,sleep
05:29,05:30,sleep
05:30,05:31,sleep
05:31,05:32,sleep
05:32,05:33,sleep
05:33,05:34,sleep
05:34,05:35,sleep
05:35,05:36,sleep
05:36,05:37,sleep
05:37,05:38,sleep
05:38,05:39,sleep
05:39,05:40,sleep
05:40,05:41,sleep
05:41,05:42,sleep
05:42,05:43,sleep
05:43,05:44,sleep
05:44,05:45,sleep
05:45,05:46,sleep
05:46,05:47,sleep
05:47,05:48,sleep
05:48,05:49,sleep
05:49,05:50,sleep
05:50,05:51,sleep
05:51,05:52,sleep
05:52,05:53,sleep
05:53,05:54,sleep
05:54,05:55,sleep
05:55,05:56,sleep
05:56,05:57,sleep
05:57,05:58,sleep
05:58,05:59,sleep
05:59,06:00,sleep
06:00,06:01,sleep
06:01,06:02,sleep
06:02,06:03,sleep
06:03,06:04,sleep
06:04,06:05,sleep
06:05,06:06,sleep
06:06,06:07,sleep
06:07,06:08,sleep
06:08,06:09,sleep
06:09,06:10,sleep
06:10,06:11,sleep
06:11,06:12,sleep
06:12,06:13,sleep
06:13,06:14,sleep
06:14,06:15,sleep
06:15,06:16,sleep
06:16,06:17,sleep
06:17,06:18,sleep
06:18,06:19,sleep
06:19,06:20,sleep
06:20,06:21,sleep
06:21,06:22,sleep
06:22,06:23,sleep
06:23,06:24,sleep
06:24,06:25,sleep
06:25,06:26,sleep
06:26,06:27,sleep
06:27,06:28,sleep
06:28,06:29,sleep
06:29,06:30,sleep
06:30,06:31,sleep
06:31,06:32,sleep
06:32,06:33,sleep
06:33,06:34,sleep
06:34,06:35,sleep
06:35,06:36,sleep
06:36,06:37,sleep
06:37,06:38,sleep
06:38,06:39,sleep
06:39,06:40,sleep
06:40,06:41,sleep
06:41,06:42,sleep
06:42,06:43,sleep
06:43,06:44,sleep
06:44,06:45,sleep
06:45,06:46,sleep
06:46,06:47,sleep
06:47,06:48,sleep
06:48,06:49,sleep
06:49,06:50,sleep
06:50,06:51,sleep
06:51,06:52,sleep
06:52,06:53,sleep
06:53,06:54,sleep
06:54,06:55,sleep
06:55,06:56,sleep
06:56,06:57,sleep
06:57,06:58,sleep
06:58,06:59,sleep
06:59,07:00,sleep
07:00,07:01,sleep
07:01,07:02,sleep
07:02,07:03,sleep
07:03,07:04,sleep
07:04,07:05,sleep
07:05,07:06,sleep
07:06,07:07,sleep
07:07,07:08,sleep
07:08,07:09,sleep
07:09,07:10,sleep
07:10,07:11,sleep
07:11,07:12,sleep
07:12,07:13,sleep
07:13,07:14,sleep
07:14,07:15,sleep
07:15,07:16,sleep
07:16,07:17,sleep
07:17,07:18,sleep
07:18,07:19,sleep
07:19,07:20,sleep
07:20,07:21,sleep
07:21,07:22,sleep
07:22,07:23,sleep
07:23,07:24,sleep
07:24,07:25,sleep
07:25,07:26,sleep
07:26,07:27,sleep
07:27,07:28,sleep
07:28,07:29,sleep
07:29,07:30,sleep
07:30,07:31,sleep
07:31,07:32,sleep
07:32,07:33,sleep
07:33,07:34,sleep
07:34,07:35,sleep
07:35,07:36,sleep
07:36,07:37,sleep
07:37,07:38,sleep
07:38,07:39,sleep
07:39,07:40,sleep
07:40,07:41,sleep
07:41,07:42,sleep
07:42,07:43,sleep
07:43,07:44,sleep
07:44,07:45,sleep
07:45,07:46,sleep
07:46,07:47,sleep
07:47,07:48,sleep
07:48,07:49,sleep
07:49,07:50,sleep
07:50,07:51,sleep
07:51,07:52,sleep
07:52,07:53,sleep
07:53,07:54,sleep
07:54,07:55,sleep
07:55,07:56,sleep
07:56,07:57,sleep
07:57,07:58,sleep
07:58,07:59,sleep
07:59,08:00,sleep
08:00,08:01,sleep
08:01,08:02,sleep
08:02,08:03,sleep
08:03,08:04,sleep
08:04,08:05,sleep
08:05,08:06,sleep
08:06,08:07,sleep
08:07,08:08,sleep
08:08,08:09,sleep
08:09,08:10,sleep
08:10,08:11,sleep
08:11,08:12,sleep
08:12,08:13,sleep
08:13,08:14,sleep
08:14,08:15,sleep
08:15,08:16,sleep
08:16,08:17,sleep
08:17,08:18,sleep
08:18,08:19,sleep
08:19,08:20,sleep
08:20,08:21,sleep
08:21,08:22,sleep
08:22,08:23,sleep
08:23,08:24,sleep
08:24,08:25,sleep
08:25,08:26,sleep
08:26,08:27,sleep
08:27,08:28,sleep
08:28,08:29,sleep
08:29,08:30,sleep
08:30,08:31,sleep
08:31,08:32,sleep
08:32,08:33,sleep
08:33,08:34,sleep
08:34,08:35,sleep
08:35,08:36,sleep
08:36,08:37,sleep
08:37,08:38,sleep
08:38,08:39,sleep
08:39,08:40,sleep
08:40,08:41,sleep
08:41,08:42,sleep
08:42,08:43,sleep
08:43,08:44,sleep
08:44,08:45,sleep
08:45,08:46,sleep
08:46,08:47,sleep
08:47,08:48,sleep
08:48,08:49,sleep
08:49,08:50,sleep
08:50,08:51,sleep
08:51,08:52,sleep
08:52,08:53,sleep
08:53,08:54,sleep
08:54,08:55,sleep
08:55,08:56,sleep
08:56,08:57,sleep
08:57,08:58,sleep
08:58,08:59,sleep
08:59,09:00,sleep
09:00,09:01,sleep
09:01,09:02,sleep
09:02,09:03,sleep
09:03,09:04,sleep
09:04,09:05,sleep
09:05,09:06,sleep
09:06,09:07,sleep
09:07,09:08,sleep
09:08,09:09,sleep
09:09,09:10,sleep
09:10,09:11,sleep
09:11,09:12,sleep
09:12,09:13,sleep
09:13,09:14,sleep
09:14,09:15,sleep
09:15,09:16,sleep
09:16,09:17,sleep
09:17,09:18,sleep
09:18,09:19,sleep
09:19,09:20,sleep
09:20,09:21,sleep
09:21,09:22,sleep
09:22,09:23,sleep
09:23,09:24,sleep
09:24,09:25,sleep
09:25,09:26,sleep
09:26,09:27,sleep
09:27,09:28,sleep
09:28,09:29,sleep
09:29,09:30,sleep
09:30,09:31,sleep
09:31,09:32,sleep
09:32,09:33,sleep
09:33,09:34,sleep
09:34,09:35,sleep
09:35,09:36,sleep
09:36,09:37,sleep
09:37,09:38,sleep
09:38,09:39,sleep
09:39,09:40,sleep
09:40,09:41,sleep
09:41,09:42,sleep
09:42,09:43,sleep
09:43,09:44,sleep
09:44,09:45,sleep
09:45,09:46,sleep
09:46,09:47,sleep
09:47,09:48,sleep
09:48,09:49,sleep
09:49,09:50,sleep
09:50,09:51,sleep
09:51,09:52,sleep
09:52,09:53,sleep
09:53,09:54,sleep
09:54,09:55,sleep
09:55,09:56,sleep
09:56,09:57,sleep
09:57,09:58,sleep
09:58,09:59,sleep
09:59,10:00,sleep
10:00,10:01,hygiene
10:01,10:02,hygiene
10:02,10:03,hygiene
10:03,10:04,hygiene
10:04,10:05,hygiene
10:05,10:06,hygiene
10:06,10:07,hygiene
10:07,10:08,hygiene
10:08,10:09,hygiene
10:09,10:10,hygiene
10:10,10:11,hygiene
10:11,10:12,hygiene
10:12,10:13,hygiene
10:13,10:14,hygiene
10:14,10:15,hygiene
10:15,10:16,hygiene
10:16,10:17,hygiene
10:17,10:18,hygiene
10:18,10:19,hygiene
10:19,10:20,hygiene
10:20,10:21,hygiene
10:21,10:22,hygiene
10:22,10:23,hygiene
10:23,10:24,hygiene
10:24,10:25,hygiene
10:25,10:26,hygiene
10:26,10:27,hygiene
10:27,10:28,hygiene
10:28,10:29,hygiene
10:29,10:30,hygiene
10:30,10:31,breakfast
10:31,10:32,breakfast
10:32,10:33,breakfast
10:33,10:34,breakfast
10:34,10:35,breakfast
10:35,10:36,breakfast
10:36,10:37,breakfast
10:37,10:38,breakfast
10:38,10:39,breakfast
10:39,10:40,breakfast
10:40,10:41,breakfast
10:41,10:42,breakfast
10:42,10:43,breakfast
10:43,10:44,breakfast
10:44,10:45,breakfast
10:45,10:46,breakfast
10:46,10:47,breakfast
10:47,10:48,breakfast
10:48,10:49,breakfast
10:49,10:50,breakfast
10:50,10:51,breakfast
10:51,10:52,breakfast
10:52,10:53,breakfast
10:53,10:54,breakfast
10:54,10:55,breakfast
10:55,10:56,breakfast
10:56,10:57,breakfast
10:57,10:58,breakfast
10:58,10:59,breakfast
10:59,11:00,breakfast
11:00,11:01,dance-practice
11:01,11:02,dance-practice
11:02,11:03,dance-practice
11:03,11:04,dance-practice
11:04,11:05,dance-practice
11:05,11:06,dance-practice
11:06,11:07,dance-practice
11:07,11:08,dance-practice
11:08,11:09,dance-practice
11:09,11:10,dance-practice
11:10,11:11,dance-practice
11:11,11:12,dance-practice
11:12,11:13,dance-practice
11:13,11:14,dance-practice
11:14,11:15,dance-practice
11:15,11:16,dance-practice
11:16,11:17,dance-practice
11:17,11:18,dance-practice
11:18,11:19,dance-practice
11:19,11:20,dance-practice
11:20,11:21,dance-practice
11:21,11:22,dance-practice
11:22,11:23,dance-practice
11:23,11:24,dance-practice
11:24,11:25,dance-practice
11:25,11:26,dance-practice
11:26,11:27,dance-practice
11:27,11:28,dance-practice
11:28,11:29,dance-practice
11:29,11:30,dance-practice
11:30,11:31,dance-practice
11:31,11:32,dance-practice
11:32,11:33,dance-practice
11:33,11:34,dance-practice
11:34,11:35,dance-practice
11:35,11:36,dance-practice
11:36,11:37,dance-practice
11:37,11:38,dance-practice
11:38,11:39,dance-practice
11:39,11:40,dance-practice
11:40,11:41,dance-practice
11:41,11:42,dance-practice
11:42,11:43,dance-practice
11:43,11:44,dance-practice
11:44,11:45,dance-practice
11:45,11:46,dance-practice
11:46,11:47,dance-practice
11:47,11:48,dance-practice
11:48,11:49,dance-practice
11:49,11:50,dance-practice
11:50,11:51,dance-practice
11:51,11:52,dance-practice
11:52,11:53,dance-practice
11:53,11:54,dance-practice
11:54,11:55,dance-practice
11:55,11:56,dance-practice
11:56,11:57,dance-practice
11:57,11:58,dance-practice
11:58,11:59,dance-practice
11:59,12:00,dance-practice
12:00,12:01,dance-practice
12:01,12:02,dance-practice
12:02,12:03,dance-practice
12:03,12:04,dance-practice
12:04,12:05,dance-practice
12:05,12:06,dance-practice
12:06,12:07,dance-practice
12:07,12:08,dance-practice
12:08,12:09,dance-practice
12:09,12:10,dance-practice
12:10,12:11,dance-practice
12:11,12:12,dance-practice
12:12,12:13,dance-practice
12:13,12:14,dance-practice
12:14,12:15,dance-practice
12:15,12:16,dance-practice
12:16,12:17,dance-practice
12:17,12:18,dance-practice
12:18,12:19,dance-practice
12:19,12:20,dance-practice
12:20,12:21,dance-practice
12:21,12:22,dance-practice
12:22,12:23,dance-practice
12:23,12:24,dance-practice
12:24,12:25,dance-practice
12:25,12:26,dance-practice
12:26,12:27,dance-practice
12:27,12:28,dance-practice
12:28,12:29,dance-practice
12:29,12:30,dance-practice
12:30,12:31,dance-practice
12:31,12:32,dance-practice
12:32,12:33,dance-practice
12:33,12:34,dance-practice
12:34,12:35,dance-practice
12:35,12:36,dance-practice
12:36,12:37,dance-practice
12:37,12:38,dance-practice
12:38,12:39,dance-practice
12:39,12:40,dance-practice
12:40,12:41,dance-practice
12:41,12:42,dance-practice
12:42,12:43,dance-practice
12:43,12:44,dance-practice
12:44,12:45,dance-practice
12:45,12:46,dance-practice
12:46,12:47,dance-practice
12:47,12:48,dance-practice
12:48,12:49,dance-practice
12:49,12:50,dance-practice
12:50,12:51,dance-practice
12:51,12:52,dance-practice
12:52,12:53,dance-practice
12:53,12:54,dance-practice
12:54,12:55,dance-practice
12:55,12:56,dance-practice
12:56,12:57,dance-practice
12:57,12:58,dance-practice
12:58,12:59,dance-practice
12:59,13:00,dance-practice
13:00,13:01,vocal-practice
13:01,13:02,vocal-practice
13:02,13:03,vocal-practice
13:03,13:04,vocal-practice
13:04,13:05,vocal-practice
13:05,13:06,vocal-practice
13:06,13:07,vocal-practice
13:07,13:08,vocal-practice
13:08,13:09,vocal-practice
13:09,13:10,vocal-practice
13:10,13:11,vocal-practice
13:11,13:12,vocal-practice
13:12,13:13,vocal-practice
13:13,13:14,vocal-practice
13:14,13:15,vocal-practice
13:15,13:16,vocal-practice
13:16,13:17,vocal-practice
13:17,13:18,vocal-practice
13:18,13:19,vocal-practice
13:19,13:20,vocal-practice
13:20,13:21,vocal-practice
13:21,13:22,vocal-practice
13:22,13:23,vocal-practice
13:23,13:24,vocal-practice
13:24,13:25,vocal-practice
13:25,13:26,vocal-practice
13:26,13:27,vocal-practice
13:27,13:28,vocal-practice
13:28,13:29,vocal-practice
13:29,13:30,vocal-practice
13:30,13:31,vocal-practice
13:31,13:32,vocal-practice
13:32,13:33,vocal-practice
13:33,13:34,vocal-practice
13:34,13:35,vocal-practice
13:35,13:36,vocal-practice
13:36,13:37,vocal-practice
13:37,13:38,vocal-practice
13:38,13:39,vocal-practice
13:39,13:40,vocal-practice
13:40,13:41,vocal-practice
13:41,13:42,vocal-practice
13:42,13:43,vocal-practice
13:43,13:44,vocal-practice
13:44,13:45,vocal-practice
13:45,13:46,vocal-practice
13:46,13:47,vocal-practice
13:47,13:48,vocal-practice
13:48,13:49,vocal-practice
13:49,13:50,vocal-practice
13:50,13:51,vocal-practice
13:51,13:52,vocal-practice
13:52,13:53,vocal-practice
13:53,13:54,vocal-practice
13:54,13:55,vocal-practice
13:55,13:56,vocal-practice
13:56,13:57,vocal-practice
13:57,13:58,vocal-practice
13:58,13:59,vocal-practice
13:59,14:00,vocal-practice
14:00,14:01,lunch
14:01,14:02,lunch
14:02,14:03,lunch
14:03,14:04,lunch
14:04,14:05,lunch
14:05,14:06,lunch
14:06,14:07,lunch
14:07,14:08,lunch
14:08,14:09,lunch
14:09,14:10,lunch
14:10,14:11,lunch
14:11,14:12,lunch
14:12,14:13,lunch
14:13,14:14,lunch
14:14,14:15,lunch
14:15,14:16,lunch
14:16,14:17,lunch
14:17,14:18,lunch
14:18,14:19,lunch
14:19,14:20,lunch
14:20,14:21,lunch
14:21,14:22,lunch
14:22,14:23,lunch
14:23,14:24,lunch
14:24,14:25,lunch
14:25,14:26,lunch
14:26,14:27,lunch
14:27,14:28,lunch
14:28,14:29,lunch
14:29,14:30,lunch
14:30,14:31,lunch
14:31,14:32,lunch
14:32,14:33,lunch
14:33,14:34,lunch
14:34,14:35,lunch
14:35,14:36,lunch
14:36,14:37,lunch
14:37,14:38,lunch
14:38,14:39,lunch
14:39,14:40,lunch
14:40,14:41,lunch
14:41,14:42,lunch
14:42,14:43,lunch
14:43,14:44,lunch
14:44,14:45,lunch
14:45,14:46,lunch
14:46,14:47,lunch
14:47,14:48,lunch
14:48,14:49,lunch
14:49,14:50,lunch
14:50,14:51,lunch
14:51,14:52,lunch
14:52,14:53,lunch
14:53,14:54,lunch
14:54,14:55,lunch
14:55,14:56,lunch
14:56,14:57,lunch
14:57,14:58,lunch
14:58,14:59,lunch
14:59,15:00,lunch
15:00,15:01,rehearsal
15:01,15:02,rehearsal
15:02,15:03,rehearsal
15:03,15:04,rehearsal
15:04,15:05,rehearsal
15:05,15:06,rehearsal
15:06,15:07,rehearsal
15:07,15:08,rehearsal
15:08,15:09,rehearsal
15:09,15:10,rehearsal
15:10,15:11,rehearsal
15:11,15:12,rehearsal
15:12,15:13,rehearsal
15:13,15:14,rehearsal
15:14,15:15,rehearsal
15:15,15:16,rehearsal
15:16,15:17,rehearsal
15:17,15:18,rehearsal
15:18,15:19,rehearsal
15:19,15:20,rehearsal
15:20,15:21,rehearsal
15:21,15:22,rehearsal
15:22,15:23,rehearsal
15:23,15:24,rehearsal
15:24,15:25,rehearsal
15:25,15:26,rehearsal
15:26,15:27,rehearsal
15:27,15:28,rehearsal
15:28,15:29,rehearsal
15:29,15:30,rehearsal
15:30,15:31,rehearsal
15:31,15:32,rehearsal
15:32,15:33,rehearsal
15:33,15:34,rehearsal
15:34,15:35,rehearsal
15:35,15:36,rehearsal
15:36,15:37,rehearsal
15:37,15:38,rehearsal
15:38,15:39,rehearsal
15:39,15:40,rehearsal
15:40,15:41,rehearsal
15:41,15:42,rehearsal
15:42,15:43,rehearsal
15:43,15:44,rehearsal
15:44,15:45,rehearsal
15:45,15:46,rehearsal
15:46,15:47,rehearsal
15:47,15:48,rehearsal
15:48,15:49,rehearsal
15:49,15:50,rehearsal
15:50,15:51,rehearsal
15:51,15:52,rehearsal
15:52,15:53,rehearsal
15:53,15:54,rehearsal
15:54,15:55,rehearsal
15:55,15:56,rehearsal
15:56,15:57,rehearsal
15:57,15:58,rehearsal
15:58,15:59,rehearsal
15:59,16:00,rehearsal
16:00,16:01,rehearsal
16:01,16:02,rehearsal
16:02,16:03,rehearsal
16:03,16:04,rehearsal
16:04,16:05,rehearsal
16:05,16:06,rehearsal
16:06,16:07,rehearsal
16:07,16:08,rehearsal
16:08,16:09,rehearsal
16:09,16:10,rehearsal
16:10,16:11,rehearsal
16:11,16:12,rehearsal
16:12,16:13,rehearsal
16:13,16:14,rehearsal
16:14,16:15,rehearsal
16:15,16:16,rehearsal
16:16,16:17,rehearsal
16:17,16:18,rehearsal
16:18,16:19,rehearsal
16:19,16:20,rehearsal
16:20,16:21,rehearsal
16:21,16:22,rehearsal
16:22,16:23,rehearsal
16:23,16:24,rehearsal
16:24,16:25,rehearsal
16:25,16:26,rehearsal
16:26,16:27,rehearsal
16:27,16:28,rehearsal
16:28,16:29,rehearsal
16:29,16:30,rehearsal
16:30,16:31,rehearsal
16:31,16:32,rehearsal
16:32,16:33,rehearsal
16:33,16:34,rehearsal
16:34,16:35,rehearsal
16:35,16:36,rehearsal
16:36,16:37,rehearsal
16:37,16:38,rehearsal
16:38,16:39,rehearsal
16:39,16:40,rehearsal
16:40,16:41,rehearsal
16:41,16:42,rehearsal
16:42,16:43,rehearsal
16:43,16:44,rehearsal
16:44,16:45,rehearsal
16:45,16:46,rehearsal
16:46,16:47,rehearsal
16:47,16:48,rehearsal
16:48,16:49,rehearsal
16:49,16:50,rehearsal
16:50,16:51,rehearsal
16:51,16:52,rehearsal
16:52,16:53,rehearsal
16:53,16:54,rehearsal
16:54,16:55,rehearsal
16:55,16:56,rehearsal
16:56,16:57,rehearsal
16:57,16:58,rehearsal
16:58,16:59,rehearsal
16:59,17:00,rehearsal
17:00,17:01,media
17:01,17:02,media
17:02,17:03,media
17:03,17:04,media
17:04,17:05,media
17:05,17:06,media
17:06,17:07,media
17:07,17:08,media
17:08,17:09,media
17:09,17:10,media
17:10,17:11,media
17:11,17:12,media
17:12,17:13,media
17:13,17:14,media
17:14,17:15,media
17:15,17:16,media
17:16,17:17,media
17:17,17:18,media
17:18,17:19,media
17:19,17:20,media
17:20,17:21,media
17:21,17:22,media
17:22,17:23,media
17:23,17:24,media
17:24,17:25,media
17:25,17:26,media
17:26,17:27,media
17:27,17:28,media
17:28,17:29,media
17:29,17:30,media
17:30,17:31,media
17:31,17:32,media
17:32,17:33,media
17:33,17:34,media
17:34,17:35,media
17:35,17:36,media
17:36,17:37,media
17:37,17:38,media
17:38,17:39,media
17:39,17:40,media
17:40,17:41,media
17:41,17:42,media
17:42,17:43,media
17:43,17:44,media
17:44,17:45,media
17:45,17:46,media
17:46,17:47,media
17:47,17:48,media
17:48,17:49,media
17:49,17:50,media
17:50,17:51,media
17:51,17:52,media
17:52,17:53,media
17:53,17:54,media
17:54,17:55,media
17:55,17:56,media
17:56,17:57,media
17:57,17:58,media
17:58,17:59,media
17:59,18:00,media
18:00,18:01,dinner
18:01,18:02,dinner
18:02,18:03,dinner
18:03,18:04,dinner
18:04,18:05,dinner
18:05,18:06,dinner
18:06,18:07,dinner
18:07,18:08,dinner
18:08,18:09,dinner
18:09,18:10,dinner
18:10,18:11,dinner
18:11,18:12,dinner
18:12,18:13,dinner
18:13,18:14,dinner
18:14,18:15,dinner
18:15,18:16,dinner
18:16,18:17,dinner
18:17,18:18,dinner
18:18,18:19,dinner
18:19,18:20,dinner
18:20,18:21,dinner
18:21,18:22,dinner
18:22,18:23,dinner
18:23,18:24,dinner
18:24,18:25,dinner
18:25,18:26,dinner
18:26,18:27,dinner
18:27,18:28,dinner
18:28,18:29,dinner
18:29,18:30,dinner
18:30,18:31,dinner
18:31,18:32,dinner
18:32,18:33,dinner
18:33,18:34,dinner
18:34,18:35,dinner
18:35,18:36,dinner
18:36,18:37,dinner
18:37,18:38,dinner
18:38,18:39,dinner
18:39,18:40,dinner
18:40,18:41,dinner
18:41,18:42,dinner
18:42,18:43,dinner
18:43,18:44,dinner
18:44,18:45,dinner
18:45,18:46,dinner
18:46,18:47,dinner
18:47,18:48,dinner
18:48,18:49,dinner
18:49,18:50,dinner
18:50,18:51,dinner
18:51,18:52,dinner
18:52,18:53,dinner
18:53,18:54,dinner
18:54,18:55,dinner
18:55,18:56,dinner
18:56,18:57,dinner
18:57,18:58,dinner
18:58,18:59,dinner
18:59,19:00,dinner
19:00,19:01,show
19:01,19:02,show
19:02,19:03,show
19:03,19:04,show
19:04,19:05,show
19:05,19:06,show
19:06,19:07,show
19:07,19:08,show
19:08,19:09,show
19:09,19:10,show
19:10,19:11,show
19:11,19:12,show
19:12,19:13,show
19:13,19:14,show
19:14,19:15,show
19:15,19:16,show
19:16,19:17,show
19:17,19:18,show
19:18,19:19,show
19:19,19:20,show
19:20,19:21,show
19:21,19:22,show
19:22,19:23,show
19:23,19:24,show
19:24,19:25,show
19:25,19:26,show
19:26,19:27,show
19:27,19:28,show
19:28,19:29,show
19:29,19:30,show
19:30,19:31,show
19:31,19:32,show
19:32,19:33,show
19:33,19:34,show
19:34,19:35,show
19:35,19:36,show
19:36,19:37,show
19:37,19:38,show
19:38,19:39,show
19:39,19:40,show
19:40,19:41,show
19:41,19:42,show
19:42,19:43,show
19:43,19:44,show
19:44,19:45,show
19:45,19:46,show
19:46,19:47,show
19:47,19:48,show
19:48,19:49,show
19:49,19:50,show
19:50,19:51,show
19:51,19:52,show
19:52,19:53,show
19:53,19:54,show
19:54,19:55,show
19:55,19:56,show
19:56,19:57,show
19:57,19:58,show
19:58,19:59,show
19:59,20:00,show
20:00,20:01,show
20:01,20:02,show
20:02,20:03,show
20:03,20:04,show
20:04,20:05,show
20:05,20:06,show
20:06,20:07,show
20:07,20:08,show
20:08,20:09,show
20:09,20:10,show
20:10,20:11,show
20:11,20:12,show
20:12,20:13,show
20:13,20:14,show
20:14,20:15,show
20:15,20:16,show
20:16,20:17,show
20:17,20:18,show
20:18,20:19,show
20:19,20:20,show
20:20,20:21,show
20:21,20:22,show
20:22,20:23,show
20:23,20:24,show
20:24,20:25,show
20:25,20:26,show
20:26,20:27,show
20:27,20:28,show
20:28,20:29,show
20:29,20:30,show
20:30,20:31,show
20:31,20:32,show
20:32,20:33,show
20:33,20:34,show
20:34,20:35,show
20:35,20:36,show
20:36,20:37,show
20:37,20:38,show
20:38,20:39,show
20:39,20:40,show
20:40,20:41,show
20:41,20:42,show
20:42,20:43,show
20:43,20:44,show
20:44,20:45,show
20:45,20:46,show
20:46,20:47,show
20:47,20:48,show
20:48,20:49,show
20:49,20:50,show
20:50,20:51,show
20:51,20:52,show
20:52,20:53,show
20:53,20:54,show
20:54,20:55,show
20:55,20:56,show
20:56,20:57,show
20:57,20:58,show
20:58,20:59,show
20:59,21:00,show
21:00,21:01,show
21:01,21:02,show
21:02,21:03,show
21:03,21:04,show
21:04,21:05,show
21:05,21:06,show
21:06,21:07,show
21:07,21:08,show
21:08,21:09,show
21:09,21:10,show
21:10,21:11,show
21:11,21:12,show
21:12,21:13,show
21:13,21:14,show
21:14,21:15,show
21:15,21:16,show
21:16,21:17,show
21:17,21:18,show
21:18,21:19,show
21:19,21:20,show
21:20,21:21,show
21:21,21:22,show
21:22,21:23,show
21:23,21:24,show
21:24,21:25,show
21:25,21:26,show
21:26,21:27,show
21:27,21:28,show
21:28,21:29,show
21:29,21:30,show
21:30,21:31,show
21:31,21:32,show
21:32,21:33,show
21:33,21:34,show
21:34,21:35,show
21:35,21:36,show
21:36,21:37,show
21:37,21:38,show
21:38,21:39,show
21:39,21:40,show
21:40,21:41,show
21:41,21:42,show
21:42,21:43,show
21:43,21:44,show
21:44,21:45,show
21:45,21:46,show
21:46,21:47,show
21:47,21:48,show
21:48,21:49,show
21:49,21:50,show
21:50,21:51,show
21:51,21:52,show
21:52,21:53,show
21:53,21:54,show
21:54,21:55,show
21:55,21:56,show
21:56,21:57,show
21:57,21:58,show
21:58,21:59,show
21:59,22:00,show
22:00,22:01,show
22:01,22:02,show
22:02,22:03,show
22:03,22:04,show
22:04,22:05,show
22:05,22:06,show
22:06,22:07,show
22:07,22:08,show
22:08,22:09,show
22:09,22:10,show
22:10,22:11,show
22:11,22:12,show
22:12,22:13,show
22:13,22:14,show
22:14,22:15,show
22:15,22:16,show
22:16,22:17,show
22:17,22:18,show
22:18,22:19,show
22:19,22:20,show
22:20,22:21,show
22:21,22:22,show
22:22,22:23,show
22:23,22:24,show
22:24,22:25,show
22:25,22:26,show
22:26,22:27,show
22:27,22:28,show
22:28,22:29,show
22:29,22:30,show
22:30,22:31,show
22:31,22:32,show
22:32,22:33,show
22:33,22:34,show
22:34,22:35,show
22:35,22:36,show
22:36,22:37,show
22:37,22:38,show
22:38,22:39,show
22:39,22:40,show
22:40,22:41,show
22:41,22:42,show
22:42,22:43,show
22:43,22:44,show
22:44,22:45,show
22:45,22:46,show
22:46,22:47,show
22:47,22:48,show
22:48,22:49,show
22:49,22:50,show
22:50,22:51,show
22:51,22:52,show
22:52,22:53,show
22:53,22:54,show
22:54,22:55,show
22:55,22:56,show
22:56,22:57,show
22:57,22:58,show
22:58,22:59,show
22:59,23:00,show
23:00,23:01,show
23:01,23:02,show
23:02,23:03,show
23:03,23:04,show
23:04,23:05,show
23:05,23:06,show
23:06,23:07,show
23:07,23:08,show
23:08,23:09,show
23:09,23:10,show
23:10,23:11,show
23:11,23:12,show
23:12,23:13,show
23:13,23:14,show
23:14,23:15,show
23:15,23:16,show
23:16,23:17,show
23:17,23:18,show
23:18,23:19,show
23:19,23:20,show
23:20,23:21,show
23:21,23:22,show
23:22,23:23,show
23:23,23:24,show
23:24,23:25,show
23:25,23:26,show
23:26,23:27,show
23:27,23:28,show
23:28,23:29,show
23:29,23:30,show
23:30,23:31,travel
23:31,23:32,travel
23:32,23:33,travel
23:33,23:34,travel
23:34,23:35,travel
23:35,23:36,travel
23:36,23:37,travel
23:37,23:38,travel
23:38,23:39,travel
23:39,23:40,travel
23:40,23:41,travel
23:41,23:42,travel
23:42,23:43,travel
23:43,23:44,travel
23:44,23:45,travel
23:45,23:46,travel
23:46,23:47,travel
23:47,23:48,travel
23:48,23:49,travel
23:49,23:50,travel
23:50,23:51,travel
23:51,23:52,travel
23:52,23:53,travel
23:53,23:54,travel
23:54,23:55,travel
23:55,23:56,travel
23:56,23:57,travel
23:57,23:58,travel
23:58,23:59,travel
23:59,24:00,travel
