00:00,00:01,sleep
00:01,00:02,sleep
00:02,00:03,sleep
00:03,00:04,sleep
00:04,00:05,sleep
00:05,00:06,sleep
00:06,00:07,sleep
00:07,00:08,sleep
00:08,00:09,sleep
00:09,00:10,sleep
00:10,00:11,sleep
00:11,00:12,sleep
00:12,00:13,sleep
00:13,00:14,sleep
00:14,00:15,sleep
00:15,00:16,sleep
00:16,00:17,sleep
00:17,00:18,sleep
00:18,00:19,sleep
00:19,00:20,sleep
00:20,00:21,sleep
00:21,00:22,sleep
00:22,00:23,sleep
00:23,00:24,sleep
00:24,00:25,sleep
00:25,00:26,sleep
00:26,00:27,sleep
00:27,00:28,sleep
00:28,00:29,sleep
00:29,00:30,sleep
00:30,00:31,sleep
00:31,00:32,sleep
00:32,00:33,sleep
00:33,00:34,sleep
00:34,00:35,sleep
00:35,00:36,sleep
00:36,00:37,sleep
00:37,00:38,sleep
00:38,00:39,sleep
00:39,00:40,sleep
00:40,00:41,sleep
00:41,00:42,sleep
00:42,00:43,sleep
00:43,00:44,sleep
00:44,00:45,sleep
00:45,00:46,sleep
00:46,00:47,sleep
00:47,00:48,sleep
00:48,00:49,sleep
00:49,00:50,sleep
00:50,00:51,sleep
00:51,00:52,sleep
00:52,00:53,sleep
00:53,00:54,sleep
00:54,00:55,sleep
00:55,00:56,sleep
00:56,00:57,sleep
00:57,00:58,sleep
00:58,00:59,sleep
00:59,01:00,sleep
01:00,01:01,sleep
01:01,01:02,sleep
01:02,01:03,sleep
01:03,01:04,sleep
01:04,01:05,sleep
01:05,01:06,sleep
01:06,01:07,sleep
01:07,01:08,sleep
01:08,01:09,sleep
01:09,01:10,sleep
01:10,01:11,sleep
01:11,01:12,sleep
01:12,01:13,sleep
01:13,01:14,sleep
01:14,01:15,sleep
01:15,01:16,sleep
01:16,01:17,sleep
01:17,01:18,sleep
01:18,01:19,sleep
01:19,01:20,sleep
01:20,01:21,sleep
01:21,01:22,sleep
01:22,01:23,sleep
01:23,01:24,sleep
01:24,01:25,sleep
01:25,01:26,sleep
01:26,01:27,sleep
01:27,01:28,sleep
01:28,01:29,sleep
01:29,01:30,sleep
01:30,01:31,sleep
01:31,01:32,sleep
01:32,01:33,sleep
01:33,01:34,sleep
01:34,01:35,sleep
01:35,01:36,sleep
01:36,01:37,sleep
01:37,01:38,sleep
01:38,01:39,sleep
01:39,01:40,sleep
01:40,01:41,sleep
01:41,01:42,sleep
01:42,01:43,sleep
01:43,01:44,sleep
01:44,01:45,sleep
01:45,01:46,sleep
01:46,01:47,sleep
01:47,01:48,sleep
01:48,01:49,sleep
01:49,01:50,sleep
01:50,01:51,sleep
01:51,01:52,sleep
01:52,01:53,sleep
01:53,01:54,sleep
01:54,01:55,sleep
01:55,01:56,sleep
01:56,01:57,sleep
01:57,01:58,sleep
01:58,01:59,sleep
01:59,02:00,sleep
02:00,02:01,sleep
02:01,02:02,sleep
02:02,02:03,sleep
02:03,02:04,sleep
02:04,02:05,sleep
02:05,02:06,sleep
02:06,02:07,sleep
02:07,02:08,sleep
02:08,02:09,sleep
02:09,02:10,sleep
02:10,02:11,sleep
02:11,02:12,sleep
02:12,02:13,sleep
02:13,02:14,sleep
02:14,02:15,sleep
02:15,02:16,sleep
02:16,02:17,sleep
02:17,02:18,sleep
02:18,02:19,sleep
02:19,02:20,sleep
02:20,02:21,sleep
02:21,02:22,sleep
02:22,02:23,sleep
02:23,02:24,sleep
02:24,02:25,sleep
02:25,02:26,sleep
02:26,02:27,sleep
02:27,02:28,sleep
02:28,02:29,sleep
02:29,02:30,sleep
02:30,02:31,sleep
02:31,02:32,sleep
02:32,02:33,sleep
02:33,02:34,sleep
02:34,02:35,sleep
02:35,02:36,sleep
02:36,02:37,sleep
02:37,02:38,sleep
02:38,02:39,sleep
02:39,02:40,sleep
02:40,02:41,sleep
02:41,02:42,sleep
02:42,02:43,sleep
02:43,02:44,sleep
02:44,02:45,sleep
02:45,02:46,sleep
02:46,02:47,sleep
02:47,02:48,sleep
02:48,02:49,sleep
02:49,02:50,sleep
02:50,02:51,sleep
02:51,02:52,sleep
02:52,02:53,sleep
02:53,02:54,sleep
02:54,02:55,sleep
02:55,02:56,sleep
02:56,02:57,sleep
02:57,02:58,sleep
02:58,02:59,sleep
02:59,03:00,sleep
03:00,03:01,sleep
03:01,03:02,sleep
03:02,03:03,sleep
03:03,03:04,sleep
03:04,03:05,sleep
03:05,03:06,sleep
03:06,03:07,sleep
03:07,03:08,sleep
03:08,03:09,sleep
03:09,03:10,sleep
03:10,03:11,sleep
03:11,03:12,sleep
03:12,03:13,sleep
03:13,03:14,sleep
03:14,03:15,sleep
03:15,03:16,sleep
03:16,03:17,sleep
03:17,03:18,sleep
03:18,03:19,sleep
03:19,03:20,sleep
03:20,03:21,sleep
03:21,03:22,sleep
03:22,03:23,sleep
03:23,03:24,sleep
03:24,03:25,sleep
03:25,03:26,sleep
03:26,03:27,sleep
03:27,03:28,sleep
03:28,03:29,sleep
03:29,03:30,sleep
03:30,03:31,sleep
03:31,03:32,sleep
03:32,03:33,sleep
03:33,03:34,sleep
03:34,03:35,sleep
03:35,03:36,sleep
03:36,03:37,sleep
03:37,03:38,sleep
03:38,03:39,sleep
03:39,03:40,sleep
03:40,03:41,sleep
03:41,03:42,sleep
03:42,03:43,sleep
03:43,03:44,sleep
03:44,03:45,sleep
03:45,03:46,sleep
03:46,03:47,sleep
03:47,03:48,sleep
03:48,03:49,sleep
03:49,03:50,sleep
03:50,03:51,sleep
03:51,03:52,sleep
03:52,03:53,sleep
03:53,03:54,sleep
03:54,03:55,sleep
03:55,03:56,sleep
03:56,03:57,sleep
03:57,03:58,sleep
03:58,03:59,sleep
03:59,04:00,sleep
04:00,04:01,sleep
04:01,04:02,sleep
04:02,04:03,sleep
04:03,04:04,sleep
04:04,04:05,sleep
04:05,04:06,sleep
04:06,04:07,sleep
04:07,04:08,sleep
04:08,04:09,sleep
04:09,04:10,sleep
04:10,04:11,sleep
04:11,04:12,sleep
04:12,04:13,sleep
04:13,04:14,sleep
04:14,04:15,sleep
04:15,04:16,sleep
04:16,04:17,sleep
04:17,04:18,sleep
04:18,04:19,sleep
04:19,04:20,sleep
04:20,04:21,sleep
04:21,04:22,sleep
04:22,04:23,sleep
04:23,04:24,sleep
04:24,04:25,sleep
04:25,04:26,sleep
04:26,04:27,sleep
04:27,04:28,sleep
04:28,04:29,sleep
04:29,04:30,sleep
04:30,04:31,sleep
04:31,04:32,sleep
04:32,04:33,sleep
04:33,04:34,sleep
04:34,04:35,sleep
04:35,04:36,sleep
04:36,04:37,sleep
04:37,04:38,sleep
04:38,04:39,sleep
04:39,04:40,sleep
04:40,04:41,sleep
04:41,04:42,sleep
04:42,04:43,sleep
04:43,04:44,sleep
04:44,04:45,sleep
04:45,04:46,sleep
04:46,04:47,sleep
04:47,04:48,sleep
04:48,04:49,sleep
04:49,04:50,sleep
04:50,04:51,sleep
04:51,04:52,sleep
04:52,04:53,sleep
04:53,04:54,sleep
04:54,04:55,sleep
04:55,04:56,sleep
04:56,04:57,sleep
04:57,04:58,sleep
04:58,04:59,sleep
04:59,05:00,sleep
05:00,05:01,sleep
05:01,05:02,sleep
05:02,05:03,sleep
05:03,05:04,sleep
05:04,05:05,sleep
05:05,05:06,sleep
05:06,05:07,sleep
05:07,05:08,sleep
05:08,05:09,sleep
05:09,05:10,sleep
05:10,05:11,sleep
05:11,05:12,sleep
05:12,05:13,sleep
05:13,05:14,sleep
05:14,05:15,sleep
05:15,05:16,sleep
05:16,05:17,sleep
05:17,05:18,sleep
05:18,05:19,sleep
05:19,05:20,sleep
05:20,05:21,sleep
05:21,05:22,sleep
05:22,05:23,sleep
05:23,05:24,sleep
05:24,05:25,sleep
05:25,05:26,sleep
05:26,05:27,sleep
05:27,05:28,sleep
05:28,05:29,sleep
05:29,05:30,sleep
05:30,05:31,sleep
05:31,05:32,sleep
05:32,05:33,sleep
05:33,05:34,sleep
05:34,05:35,sleep
05:35,05:36,sleep
05:36,05:37,sleep
05:37,05:38,sleep
05:38,05:39,sleep
05:39,05:40,sleep
05:40,05:41,sleep
05:41,05:42,sleep
05:42,05:43,sleep
05:43,05:44,sleep
05:44,05:45,sleep
05:45,05:46,sleep
05:46,05:47,sleep
05:47,05:48,sleep
05:48,05:49,sleep
05:49,05:50,sleep
05:50,05:51,sleep
05:51,05:52,sleep
05:52,05:53,sleep
05:53,05:54,sleep
05:54,05:55,sleep
05:55,05:56,sleep
05:56,05:57,sleep
05:57,05:58,sleep
05:58,05:59,sleep
05:59,06:00,sleep
06:00,06:01,sleep
06:01,06:02,sleep
06:02,06:03,sleep
06:03,06:04,sleep
06:04,06:05,sleep
06:05,06:06,sleep
06:06,06:07,sleep
06:07,06:08,sleep
06:08,06:09,sleep
06:09,06:10,sleep
06:10,06:11,sleep
06:11,06:12,sleep
06:12,06:13,sleep
06:13,06:14,sleep
06:14,06:15,sleep
06:15,06:16,sleep
06:16,06:17,sleep
06:17,06:18,sleep
06:18,06:19,sleep
06:19,06:20,sleep
06:20,06:21,sleep
06:21,06:22,sleep
06:22,06:23,sleep
06:23,06:24,sleep
06:24,06:25,sleep
06:25,06:26,sleep
06:26,06:27,sleep
06:27,06:28,sleep
06:28,06:29,sleep
06:29,06:30,sleep
06:30,06:31,sleep
06:31,06:32,sleep
06:32,06:33,sleep
06:33,06:34,sleep
06:34,06:35,sleep
06:35,06:36,sleep
06:36,06:37,sleep
06:37,06:38,sleep
06:38,06:39,sleep
06:39,06:40,sleep
06:40,06:41,sleep
06:41,06:42,sleep
06:42,06:43,sleep
06:43,06:44,sleep
06:44,06:45,sleep
06:45,06:46,sleep
06:46,06:47,sleep
06:47,06:48,sleep
06:48,06:49,sleep
06:49,06:50,sleep
06:50,06:51,sleep
06:51,06:52,sleep
06:52,06:53,sleep
06:53,06:54,sleep
06:54,06:55,sleep
06:55,06:56,sleep
06:56,06:57,sleep
06:57,06:58,sleep
06:58,06:59,sleep
06:59,07:00,sleep
07:00,07:01,sleep
07:01,07:02,sleep
07:02,07:03,sleep
07:03,07:04,sleep
07:04,07:05,sleep
07:05,07:06,sleep
07:06,07:07,sleep
07:07,07:08,sleep
07:08,07:09,sleep
07:09,07:10,sleep
07:10,07:11,sleep
07:11,07:12,sleep
07:12,07:13,sleep
07:13,07:14,sleep
07:14,07:15,sleep
07:15,07:16,sleep
07:16,07:17,sleep
07:17,07:18,sleep
07:18,07:19,sleep
07:19,07:20,sleep
07:20,07:21,sleep
07:21,07:22,sleep
07:22,07:23,sleep
07:23,07:24,sleep
07:24,07:25,sleep
07:25,07:26,sleep
07:26,07:27,sleep
07:27,07:28,sleep
07:28,07:29,sleep
07:29,07:30,sleep
07:30,07:31,hygiene
07:31,07:32,hygiene
07:32,07:33,hygiene
07:33,07:34,hygiene
07:34,07:35,hygiene
07:35,07:36,hygiene
07:36,07:37,hygiene
07:37,07:38,hygiene
07:38,07:39,hygiene
07:39,07:40,hygiene
07:40,07:41,hygiene
07:41,07:42,hygiene
07:42,07:43,hygiene
07:43,07:44,hygiene
07:44,07:45,hygiene
07:45,07:46,hygiene
07:46,07:47,hygiene
07:47,07:48,hygiene
07:48,07:49,hygiene
07:49,07:50,hygiene
07:50,07:51,hygiene
07:51,07:52,hygiene
07:52,07:53,hygiene
07:53,07:54,hygiene
07:54,07:55,hygiene
07:55,07:56,hygiene
07:56,07:57,hygiene
07:57,07:58,hygiene
07:58,07:59,hygiene
07:59,08:00,hygiene
08:00,08:01,breakfast
08:01,08:02,breakfast
08:02,08:03,breakfast
08:03,08:04,breakfast
08:04,08:05,breakfast
08:05,08:06,breakfast
08:06,08:07,breakfast
08:07,08:08,breakfast
08:08,08:09,breakfast
08:09,08:10,breakfast
08:10,08:11,breakfast
08:11,08:12,breakfast
08:12,08:13,breakfast
08:13,08:14,breakfast
08:14,08:15,breakfast
08:15,08:16,breakfast
08:16,08:17,breakfast
08:17,08:18,breakfast
08:18,08:19,breakfast
08:19,08:20,breakfast
08:20,08:21,breakfast
08:21,08:22,breakfast
08:22,08:23,breakfast
08:23,08:24,breakfast
08:24,08:25,breakfast
08:25,08:26,breakfast
08:26,08:27,breakfast
08:27,08:28,breakfast
08:28,08:29,breakfast
08:29,08:30,breakfast
08:30,08:31,design
08:31,08:32,design
08:32,08:33,design
08:33,08:34,design
08:34,08:35,design
08:35,08:36,design
08:36,08:37,design
08:37,08:38,design
08:38,08:39,design
08:39,08:40,design
08:40,08:41,design
08:41,08:42,design
08:42,08:43,design
08:43,08:44,design
08:44,08:45,design
08:45,08:46,design
08:46,08:47,design
08:47,08:48,design
08:48,08:49,design
08:49,08:50,design
08:50,08:51,design
08:51,08:52,design
08:52,08:53,design
08:53,08:54,design
08:54,08:55,design
08:55,08:56,design
08:56,08:57,design
08:57,08:58,design
08:58,08:59,design
08:59,09:00,design
09:00,09:01,design
09:01,09:02,design
09:02,09:03,design
09:03,09:04,design
09:04,09:05,design
09:05,09:06,design
09:06,09:07,design
09:07,09:08,design
09:08,09:09,design
09:09,09:10,design
09:10,09:11,design
09:11,09:12,design
09:12,09:13,design
09:13,09:14,design
09:14,09:15,design
09:15,09:16,design
09:16,09:17,design
09:17,09:18,design
09:18,09:19,design
09:19,09:20,design
09:20,09:21,design
09:21,09:22,design
09:22,09:23,design
09:23,09:24,design
09:24,09:25,design
09:25,09:26,design
09:26,09:27,design
09:27,09:28,design
09:28,09:29,design
09:29,09:30,design
09:30,09:31,design
09:31,09:32,design
09:32,09:33,design
09:33,09:34,design
09:34,09:35,design
09:35,09:36,design
09:36,09:37,design
09:37,09:38,design
09:38,09:39,design
09:39,09:40,design
09:40,09:41,design
09:41,09:42,design
09:42,09:43,design
09:43,09:44,design
09:44,09:45,design
09:45,09:46,design
09:46,09:47,design
09:47,09:48,design
09:48,09:49,design
09:49,09:50,design
09:50,09:51,design
09:51,09:52,design
09:52,09:53,design
09:53,09:54,design
09:54,09:55,design
09:55,09:56,design
09:56,09:57,design
09:57,09:58,design
09:58,09:59,design
09:59,10:00,design
10:00,10:01,design
10:01,10:02,design
10:02,10:03,design
10:03,10:04,design
10:04,10:05,design
10:05,10:06,design
10:06,10:07,design
10:07,10:08,design
10:08,10:09,design
10:09,10:10,design
10:10,10:11,design
10:11,10:12,design
10:12,10:13,design
10:13,10:14,design
10:14,10:15,design
10:15,10:16,design
10:16,10:17,design
10:17,10:18,design
10:18,10:19,design
10:19,10:20,design
10:20,10:21,design
10:21,10:22,design
10:22,10:23,design
10:23,10:24,design
10:24,10:25,design
10:25,10:26,design
10:26,10:27,design
10:27,10:28,design
10:28,10:29,design
10:29,10:30,design
10:30,10:31,design
10:31,10:32,design
10:32,10:33,design
10:33,10:34,design
10:34,10:35,design
10:35,10:36,design
10:36,10:37,design
10:37,10:38,design
10:38,10:39,design
10:39,10:40,design
10:40,10:41,design
10:41,10:42,design
10:42,10:43,design
10:43,10:44,design
10:44,10:45,design
10:45,10:46,design
10:46,10:47,design
10:47,10:48,design
10:48,10:49,design
10:49,10:50,design
10:50,10:51,design
10:51,10:52,design
10:52,10:53,design
10:53,10:54,design
10:54,10:55,design
10:55,10:56,design
10:56,10:57,design
10:57,10:58,design
10:58,10:59,design
10:59,11:00,design
11:00,11:01,design
11:01,11:02,design
11:02,11:03,design
11:03,11:04,design
11:04,11:05,design
11:05,11:06,design
11:06,11:07,design
11:07,11:08,design
11:08,11:09,design
11:09,11:10,design
11:10,11:11,design
11:11,11:12,design
11:12,11:13,design
11:13,11:14,design
11:14,11:15,design
11:15,11:16,design
11:16,11:17,design
11:17,11:18,design
11:18,11:19,design
11:19,11:20,design
11:20,11:21,design
11:21,11:22,design
11:22,11:23,design
11:23,11:24,design
11:24,11:25,design
11:25,11:26,design
11:26,11:27,design
11:27,11:28,design
11:28,11:29,design
11:29,11:30,design
11:30,11:31,coffee
11:31,11:32,coffee
11:32,11:33,coffee
11:33,11:34,coffee
11:34,11:35,coffee
11:35,11:36,coffee
11:36,11:37,coffee
11:37,11:38,coffee
11:38,11:39,coffee
11:39,11:40,coffee
11:40,11:41,coffee
11:41,11:42,coffee
11:42,11:43,coffee
11:43,11:44,coffee
11:44,11:45,coffee
11:45,11:46,coffee
11:46,11:47,coffee
11:47,11:48,coffee
11:48,11:49,coffee
11:49,11:50,coffee
11:50,11:51,coffee
11:51,11:52,coffee
11:52,11:53,coffee
11:53,11:54,coffee
11:54,11:55,coffee
11:55,11:56,coffee
11:56,11:57,coffee
11:57,11:58,coffee
11:58,11:59,coffee
11:59,12:00,coffee
12:00,12:01,meetings
12:01,12:02,meetings
12:02,12:03,meetings
12:03,12:04,meetings
12:04,12:05,meetings
12:05,12:06,meetings
12:06,12:07,meetings
12:07,12:08,meetings
12:08,12:09,meetings
12:09,12:10,meetings
12:10,12:11,meetings
12:11,12:12,meetings
12:12,12:13,meetings
12:13,12:14,meetings
12:14,12:15,meetings
12:15,12:16,meetings
12:16,12:17,meetings
12:17,12:18,meetings
12:18,12:19,meetings
12:19,12:20,meetings
12:20,12:21,meetings
12:21,12:22,meetings
12:22,12:23,meetings
12:23,12:24,meetings
12:24,12:25,meetings
12:25,12:26,meetings
12:26,12:27,meetings
12:27,12:28,meetings
12:28,12:29,meetings
12:29,12:30,meetings
12:30,12:31,meetings
12:31,12:32,meetings
12:32,12:33,meetings
12:33,12:34,meetings
12:34,12:35,meetings
12:35,12:36,meetings
12:36,12:37,meetings
12:37,12:38,meetings
12:38,12:39,meetings
12:39,12:40,meetings
12:40,12:41,meetings
12:41,12:42,meetings
12:42,12:43,meetings
12:43,12:44,meetings
12:44,12:45,meetings
12:45,12:46,meetings
12:46,12:47,meetings
12:47,12:48,meetings
12:48,12:49,meetings
12:49,12:50,meetings
12:50,12:51,meetings
12:51,12:52,meetings
12:52,12:53,meetings
12:53,12:54,meetings
12:54,12:55,meetings
12:55,12:56,meetings
12:56,12:57,meetings
12:57,12:58,meetings
12:58,12:59,meetings
12:59,13:00,meetings
13:00,13:01,lunch
13:01,13:02,lunch
13:02,13:03,lunch
13:03,13:04,lunch
13:04,13:05,lunch
13:05,13:06,lunch
13:06,13:07,lunch
13:07,13:08,lunch
13:08,13:09,lunch
13:09,13:10,lunch
13:10,13:11,lunch
13:11,13:12,lunch
13:12,13:13,lunch
13:13,13:14,lunch
13:14,13:15,lunch
13:15,13:16,lunch
13:16,13:17,lunch
13:17,13:18,lunch
13:18,13:19,lunch
13:19,13:20,lunch
13:20,13:21,lunch
13:21,13:22,lunch
13:22,13:23,lunch
13:23,13:24,lunch
13:24,13:25,lunch
13:25,13:26,lunch
13:26,13:27,lunch
13:27,13:28,lunch
13:28,13:29,lunch
13:29,13:30,lunch
13:30,13:31,lunch
13:31,13:32,lunch
13:32,13:33,lunch
13:33,13:34,lunch
13:34,13:35,lunch
13:35,13:36,lunch
13:36,13:37,lunch
13:37,13:38,lunch
13:38,13:39,lunch
13:39,13:40,lunch
13:40,13:41,lunch
13:41,13:42,lunch
13:42,13:43,lunch
13:43,13:44,lunch
13:44,13:45,lunch
13:45,13:46,lunch
13:46,13:47,lunch
13:47,13:48,lunch
13:48,13:49,lunch
13:49,13:50,lunch
13:50,13:51,lunch
13:51,13:52,lunch
13:52,13:53,lunch
13:53,13:54,lunch
13:54,13:55,lunch
13:55,13:56,lunch
13:56,13:57,lunch
13:57,13:58,lunch
13:58,13:59,lunch
13:59,14:00,lunch
14:00,14:01,design
14:01,14:02,design
14:02,14:03,design
14:03,14:04,design
14:04,14:05,design
14:05,14:06,design
14:06,14:07,design
14:07,14:08,design
14:08,14:09,design
14:09,14:10,design
14:10,14:11,design
14:11,14:12,design
14:12,14:13,design
14:13,14:14,design
14:14,14:15,design
14:15,14:16,design
14:16,14:17,design
14:17,14:18,design
14:18,14:19,design
14:19,14:20,design
14:20,14:21,design
14:21,14:22,design
14:22,14:23,design
14:23,14:24,design
14:24,14:25,design
14:25,14:26,design
14:26,14:27,design
14:27,14:28,design
14:28,14:29,design
14:29,14:30,design
14:30,14:31,design
14:31,14:32,design
14:32,14:33,design
14:33,14:34,design
14:34,14:35,design
14:35,14:36,design
14:36,14:37,design
14:37,14:38,design
14:38,14:39,design
14:39,14:40,design
14:40,14:41,design
14:41,14:42,design
14:42,14:43,design
14:43,14:44,design
14:44,14:45,design
14:45,14:46,design
14:46,14:47,design
14:47,14:48,design
14:48,14:49,design
14:49,14:50,design
14:50,14:51,design
14:51,14:52,design
14:52,14:53,design
14:53,14:54,design
14:54,14:55,design
14:55,14:56,design
14:56,14:57,design
14:57,14:58,design
14:58,14:59,design
14:59,15:00,design
15:00,15:01,design
15:01,15:02,design
15:02,15:03,design
15:03,15:04,design
15:04,15:05,design
15:05,15:06,design
15:06,15:07,design
15:07,15:08,design
15:08,15:09,design
15:09,15:10,design
15:10,15:11,design
15:11,15:12,design
15:12,15:13,design
15:13,15:14,design
15:14,15:15,design
15:15,15:16,design
15:16,15:17,design
15:17,15:18,design
15:18,15:19,design
15:19,15:20,design
15:20,15:21,design
15:21,15:22,design
15:22,15:23,design
15:23,15:24,design
15:24,15:25,design
15:25,15:26,design
15:26,15:27,design
15:27,15:28,design
15:28,15:29,design
15:29,15:30,design
15:30,15:31,design
15:31,15:32,design
15:32,15:33,design
15:33,15:34,design
15:34,15:35,design
15:35,15:36,design
15:36,15:37,design
15:37,15:38,design
15:38,15:39,design
15:39,15:40,design
15:40,15:41,design
15:41,15:42,design
15:42,15:43,design
15:43,15:44,design
15:44,15:45,design
15:45,15:46,design
15:46,15:47,design
15:47,15:48,design
15:48,15:49,design
15:49,15:50,design
15:50,15:51,design
15:51,15:52,design
15:52,15:53,design
15:53,15:54,design
15:54,15:55,design
15:55,15:56,design
15:56,15:57,design
15:57,15:58,design
15:58,15:59,design
15:59,16:00,design
16:00,16:01,design
16:01,16:02,design
16:02,16:03,design
16:03,16:04,design
16:04,16:05,design
16:05,16:06,design
16:06,16:07,design
16:07,16:08,design
16:08,16:09,design
16:09,16:10,design
16:10,16:11,design
16:11,16:12,design
16:12,16:13,design
16:13,16:14,design
16:14,16:15,design
16:15,16:16,design
16:16,16:17,design
16:17,16:18,design
16:18,16:19,design
16:19,16:20,design
16:20,16:21,design
16:21,16:22,design
16:22,16:23,design
16:23,16:24,design
16:24,16:25,design
16:25,16:26,design
16:26,16:27,design
16:27,16:28,design
16:28,16:29,design
16:29,16:30,design
16:30,16:31,design
16:31,16:32,design
16:32,16:33,design
16:33,16:34,design
16:34,16:35,design
16:35,16:36,design
16:36,16:37,design
16:37,16:38,design
16:38,16:39,design
16:39,16:40,design
16:40,16:41,design
16:41,16:42,design
16:42,16:43,design
16:43,16:44,design
16:44,16:45,design
16:45,16:46,design
16:46,16:47,design
16:47,16:48,design
16:48,16:49,design
16:49,16:50,design
16:50,16:51,design
16:51,16:52,design
16:52,16:53,design
16:53,16:54,design
16:54,16:55,design
16:55,16:56,design
16:56,16:57,design
16:57,16:58,design
16:58,16:59,design
16:59,17:00,design
17:00,17:01,design
17:01,17:02,design
17:02,17:03,design
17:03,17:04,design
17:04,17:05,design
17:05,17:06,design
17:06,17:07,design
17:07,17:08,design
17:08,17:09,design
17:09,17:10,design
17:10,17:11,design
17:11,17:12,design
17:12,17:13,design
17:13,17:14,design
17:14,17:15,design
17:15,17:16,design
17:16,17:17,design
17:17,17:18,design
17:18,17:19,design
17:19,17:20,design
17:20,17:21,design
17:21,17:22,design
17:22,17:23,design
17:23,17:24,design
17:24,17:25,design
17:25,17:26,design
17:26,17:27,design
17:27,17:28,design
17:28,17:29,design
17:29,17:30,design
17:30,17:31,walk
17:31,17:32,walk
17:32,17:33,walk
17:33,17:34,walk
17:34,17:35,walk
17:35,17:36,walk
17:36,17:37,walk
17:37,17:38,walk
17:38,17:39,walk
17:39,17:40,walk
17:40,17:41,walk
17:41,17:42,walk
17:42,17:43,walk
17:43,17:44,walk
17:44,17:45,walk
17:45,17:46,walk
17:46,17:47,walk
17:47,17:48,walk
17:48,17:49,walk
17:49,17:50,walk
17:50,17:51,walk
17:51,17:52,walk
17:52,17:53,walk
17:53,17:54,walk
17:54,17:55,walk
17:55,17:56,walk
17:56,17:57,walk
17:57,17:58,walk
17:58,17:59,walk
17:59,18:00,walk
18:00,18:01,walk
18:01,18:02,walk
18:02,18:03,walk
18:03,18:04,walk
18:04,18:05,walk
18:05,18:06,walk
18:06,18:07,walk
18:07,18:08,walk
18:08,18:09,walk
18:09,18:10,walk
18:10,18:11,walk
18:11,18:12,walk
18:12,18:13,walk
18:13,18:14,walk
18:14,18:15,walk
18:15,18:16,walk
18:16,18:17,walk
18:17,18:18,walk
18:18,18:19,walk
18:19,18:20,walk
18:20,18:21,walk
18:21,18:22,walk
18:22,18:23,walk
18:23,18:24,walk
18:24,18:25,walk
18:25,18:26,walk
18:26,18:27,walk
18:27,18:28,walk
18:28,18:29,walk
18:29,18:30,walk
18:30,18:31,dinner
18:31,18:32,dinner
18:32,18:33,dinner
18:33,18:34,dinner
18:34,18:35,dinner
18:35,18:36,dinner
18:36,18:37,dinner
18:37,18:38,dinner
18:38,18:39,dinner
18:39,18:40,dinner
18:40,18:41,dinner
18:41,18:42,dinner
18:42,18:43,dinner
18:43,18:44,dinner
18:44,18:45,dinner
18:45,18:46,dinner
18:46,18:47,dinner
18:47,18:48,dinner
18:48,18:49,dinner
18:49,18:50,dinner
18:50,18:51,dinner
18:51,18:52,dinner
18:52,18:53,dinner
18:53,18:54,dinner
18:54,18:55,dinner
18:55,18:56,dinner
18:56,18:57,dinner
18:57,18:58,dinner
18:58,18:59,dinner
18:59,19:00,dinner
19:00,19:01,dinner
19:01,19:02,dinner
19:02,19:03,dinner
19:03,19:04,dinner
19:04,19:05,dinner
19:05,19:06,dinner
19:06,19:07,dinner
19:07,19:08,dinner
19:08,19:09,dinner
19:09,19:10,dinner
19:10,19:11,dinner
19:11,19:12,dinner
19:12,19:13,dinner
19:13,19:14,dinner
19:14,19:15,dinner
19:15,19:16,dinner
19:16,19:17,dinner
19:17,19:18,dinner
19:18,19:19,dinner
19:19,19:20,dinner
19:20,19:21,dinner
19:21,19:22,dinner
19:22,19:23,dinner
19:23,19:24,dinner
19:24,19:25,dinner
19:25,19:26,dinner
19:26,19:27,dinner
19:27,19:28,dinner
19:28,19:29,dinner
19:29,19:30,dinner
19:30,19:31,gaming
19:31,19:32,gaming
19:32,19:33,gaming
19:33,19:34,gaming
19:34,19:35,gaming
19:35,19:36,gaming
19:36,19:37,gaming
19:37,19:38,gaming
19:38,19:39,gaming
19:39,19:40,gaming
19:40,19:41,gaming
19:41,19:42,gaming
19:42,19:43,gaming
19:43,19:44,gaming
19:44,19:45,gaming
19:45,19:46,gaming
19:46,19:47,gaming
19:47,19:48,gaming
19:48,19:49,gaming
19:49,19:50,gaming
19:50,19:51,gaming
19:51,19:52,gaming
19:52,19:53,gaming
19:53,19:54,gaming
19:54,19:55,gaming
19:55,19:56,gaming
19:56,19:57,gaming
19:57,19:58,gaming
19:58,19:59,gaming
19:59,20:00,gaming
20:00,20:01,gaming
20:01,20:02,gaming
20:02,20:03,gaming
20:03,20:04,gaming
20:04,20:05,gaming
20:05,20:06,gaming
20:06,20:07,gaming
20:07,20:08,gaming
20:08,20:09,gaming
20:09,20:10,gaming
20:10,20:11,gaming
20:11,20:12,gaming
20:12,20:13,gaming
20:13,20:14,gaming
20:14,20:15,gaming
20:15,20:16,gaming
20:16,20:17,gaming
20:17,20:18,gaming
20:18,20:19,gaming
20:19,20:20,gaming
20:20,20:21,gaming
20:21,20:22,gaming
20:22,20:23,gaming
20:23,20:24,gaming
20:24,20:25,gaming
20:25,20:26,gaming
20:26,20:27,gaming
20:27,20:28,gaming
20:28,20:29,gaming
20:29,20:30,gaming
20:30,20:31,gaming
20:31,20:32,gaming
20:32,20:33,gaming
20:33,20:34,gaming
20:34,20:35,gaming
20:35,20:36,gaming
20:36,20:37,gaming
20:37,20:38,gaming
20:38,20:39,gaming
20:39,20:40,gaming
20:40,20:41,gaming
20:41,20:42,gaming
20:42,20:43,gaming
20:43,20:44,gaming
20:44,20:45,gaming
20:45,20:46,gaming
20:46,20:47,gaming
20:47,20:48,gaming
20:48,20:49,gaming
20:49,20:50,gaming
20:50,20:51,gaming
20:51,20:52,gaming
20:52,20:53,gaming
20:53,20:54,gaming
20:54,20:55,gaming
20:55,20:56,gaming
20:56,20:57,gaming
20:57,20:58,gaming
20:58,20:59,gaming
20:59,21:00,gaming
21:00,21:01,gaming
21:01,21:02,gaming
21:02,21:03,gaming
21:03,21:04,gaming
21:04,21:05,gaming
21:05,21:06,gaming
21:06,21:07,gaming
21:07,21:08,gaming
21:08,21:09,gaming
21:09,21:10,gaming
21:10,21:11,gaming
21:11,21:12,gaming
21:12,21:13,gaming
21:13,21:14,gaming
21:14,21:15,gaming
21:15,21:16,gaming
21:16,21:17,gaming
21:17,21:18,gaming
21:18,21:19,gaming
21:19,21:20,gaming
21:20,21:21,gaming
21:21,21:22,gaming
21:22,21:23,gaming
21:23,21:24,gaming
21:24,21:25,gaming
21:25,21:26,gaming
21:26,21:27,gaming
21:27,21:28,gaming
21:28,21:29,gaming
21:29,21:30,gaming
21:30,21:31,gaming
21:31,21:32,gaming
21:32,21:33,gaming
21:33,21:34,gaming
21:34,21:35,gaming
21:35,21:36,gaming
21:36,21:37,gaming
21:37,21:38,gaming
21:38,21:39,gaming
21:39,21:40,gaming
21:40,21:41,gaming
21:41,21:42,gaming
21:42,21:43,gaming
21:43,21:44,gaming
21:44,21:45,gaming
21:45,21:46,gaming
21:46,21:47,gaming
21:47,21:48,gaming
21:48,21:49,gaming
21:49,21:50,gaming
21:50,21:51,gaming
21:51,21:52,gaming
21:52,21:53,gaming
21:53,21:54,gaming
21:54,21:55,gaming
21:55,21:56,gaming
21:56,21:57,gaming
21:57,21:58,gaming
21:58,21:59,gaming
21:59,22:00,gaming
22:00,22:01,gaming
22:01,22:02,gaming
22:02,22:03,gaming
22:03,22:04,gaming
22:04,22:05,gaming
22:05,22:06,gaming
22:06,22:07,gaming
22:07,22:08,gaming
22:08,22:09,gaming
22:09,22:10,gaming
22:10,22:11,gaming
22:11,22:12,gaming
22:12,22:13,gaming
22:13,22:14,gaming
22:14,22:15,gaming
22:15,22:16,gaming
22:16,22:17,gaming
22:17,22:18,gaming
22:18,22:19,gaming
22:19,22:20,gaming
22:20,22:21,gaming
22:21,22:22,gaming
22:22,22:23,gaming
22:23,22:24,gaming
22:24,22:25,gaming
22:25,22:26,gaming
22:26,22:27,gaming
22:27,22:28,gaming
22:28,22:29,gaming
22:29,22:30,gaming
22:30,22:31,reading
22:31,22:32,reading
22:32,22:33,reading
22:33,22:34,reading
22:34,22:35,reading
22:35,22:36,reading
22:36,22:37,reading
22:37,22:38,reading
22:38,22:39,reading
22:39,22:40,reading
22:40,22:41,reading
22:41,22:42,reading
22:42,22:43,reading
22:43,22:44,reading
22:44,22:45,reading
22:45,22:46,reading
22:46,22:47,reading
22:47,22:48,reading
22:48,22:49,reading
22:49,22:50,reading
22:50,22:51,reading
22:51,22:52,reading
22:52,22:53,reading
22:53,22:54,reading
22:54,22:55,reading
22:55,22:56,reading
22:56,22:57,reading
22:57,22:58,reading
22:58,22:59,reading
22:59,23:00,reading
23:00,23:01,reading
23:01,23:02,reading
23:02,23:03,reading
23:03,23:04,reading
23:04,23:05,reading
23:05,23:06,reading
23:06,23:07,reading
23:07,23:08,reading
23:08,23:09,reading
23:09,23:10,reading
23:10,23:11,reading
23:11,23:12,reading
23:12,23:13,reading
23:13,23:14,reading
23:14,23:15,reading
23:15,23:16,reading
23:16,23:17,reading
23:17,23:18,reading
23:18,23:19,reading
23:19,23:20,reading
23:20,23:21,reading
23:21,23:22,reading
23:22,23:23,reading
23:23,23:24,reading
23:24,23:25,reading
23:25,23:26,reading
23:26,23:27,reading
23:27,23:28,reading
23:28,23:29,reading
23:29,23:30,reading
23:30,23:31,reading
23:31,23:32,reading
23:32,23:33,reading
23:33,23:34,reading
23:34,23:35,reading
23:35,23:36,reading
23:36,23:37,reading
23:37,23:38,reading
23:38,23:39,reading
23:39,23:40,reading
23:40,23:41,reading
23:41,23:42,reading
23:42,23:43,reading
23:43,23:44,reading
23:44,23:45,reading
23:45,23:46,reading
23:46,23:47,reading
23:47,23:48,reading
23:48,23:49,reading
23:49,23:50,reading
23:50,23:51,reading
23:51,23:52,reading
23:52,23:53,reading
23:53,23:54,reading
23:54,23:55,reading
23:55,23:56,reading
23:56,23:57,reading
23:57,23:58,reading
23:58,23:59,reading
23:59,24:00,reading
