00:00,00:01,paperwork
00:01,00:02,paperwork
00:02,00:03,paperwork
00:03,00:04,paperwork
00:04,00:05,paperwork
00:05,00:06,paperwork
00:06,00:07,paperwork
00:07,00:08,paperwork
00:08,00:09,paperwork
00:09,00:10,paperwork
00:10,00:11,paperwork
00:11,00:12,paperwork
00:12,00:13,paperwork
00:13,00:14,paperwork
00:14,00:15,paperwork
00:15,00:16,paperwork
00:16,00:17,paperwork
00:17,00:18,paperwork
00:18,00:19,paperwork
00:19,00:20,paperwork
00:20,00:21,paperwork
00:21,00:22,paperwork
00:22,00:23,paperwork
00:23,00:24,paperwork
00:24,00:25,paperwork
00:25,00:26,paperwork
00:26,00:27,paperwork
00:27,00:28,paperwork
00:28,00:29,paperwork
00:29,00:30,paperwork
00:30,00:31,paperwork
00:31,00:32,paperwork
00:32,00:33,paperwork
00:33,00:34,paperwork
00:34,00:35,paperwork
00:35,00:36,paperwork
00:36,00:37,paperwork
00:37,00:38,paperwork
00:38,00:39,paperwork
00:39,00:40,paperwork
00:40,00:41,paperwork
00:41,00:42,paperwork
00:42,00:43,paperwork
00:43,00:44,paperwork
00:44,00:45,paperwork
00:45,00:46,paperwork
00:46,00:47,paperwork
00:47,00:48,paperwork
00:48,00:49,paperwork
00:49,00:50,paperwork
00:50,00:51,paperwork
00:51,00:52,paperwork
00:52,00:53,paperwork
00:53,00:54,paperwork
00:54,00:55,paperwork
00:55,00:56,paperwork
00:56,00:57,paperwork
00:57,00:58,paperwork
00:58,00:59,paperwork
00:59,01:00,paperwork
01:00,01:01,sleep
01:01,01:02,sleep
01:02,01:03,sleep
01:03,01:04,sleep
01:04,01:05,sleep
01:05,01:06,sleep
01:06,01:07,sleep
01:07,01:08,sleep
01:08,01:09,sleep
01:09,01:10,sleep
01:10,01:11,sleep
01:11,01:12,sleep
01:12,01:13,sleep
01:13,01:14,sleep
01:14,01:15,sleep
01:15,01:16,sleep
01:16,01:17,sleep
01:17,01:18,sleep
01:18,01:19,sleep
01:19,01:20,sleep
01:20,01:21,sleep
01:21,01:22,sleep
01:22,01:23,sleep
01:23,01:24,sleep
01:24,01:25,sleep
01:25,01:26,sleep
01:26,01:27,sleep
01:27,01:28,sleep
01:28,01:29,sleep
01:29,01:30,sleep
01:30,01:31,sleep
01:31,01:32,sleep
01:32,01:33,sleep
01:33,01:34,sleep
01:34,01:35,sleep
01:35,01:36,sleep
01:36,01:37,sleep
01:37,01:38,sleep
01:38,01:39,sleep
01:39,01:40,sleep
01:40,01:41,sleep
01:41,01:42,sleep
01:42,01:43,sleep
01:43,01:44,sleep
01:44,01:45,sleep
01:45,01:46,sleep
01:46,01:47,sleep
01:47,01:48,sleep
01:48,01:49,sleep
01:49,01:50,sleep
01:50,01:51,sleep
01:51,01:52,sleep
01:52,01:53,sleep
01:53,01:54,sleep
01:54,01:55,sleep
01:55,01:56,sleep
01:56,01:57,sleep
01:57,01:58,sleep
01:58,01:59,sleep
01:59,02:00,sleep
02:00,02:01,sleep
02:01,02:02,sleep
02:02,02:03,sleep
02:03,02:04,sleep
02:04,02:05,sleep
02:05,02:06,sleep
02:06,02:07,sleep
02:07,02:08,sleep
02:08,02:09,sleep
02:09,02:10,sleep
02:10,02:11,sleep
02:11,02:12,sleep
02:12,02:13,sleep
02:13,02:14,sleep
02:14,02:15,sleep
02:15,02:16,sleep
02:16,02:17,sleep
02:17,02:18,sleep
02:18,02:19,sleep
02:19,02:20,sleep
02:20,02:21,sleep
02:21,02:22,sleep
02:22,02:23,sleep
02:23,02:24,sleep
02:24,02:25,sleep
02:25,02:26,sleep
02:26,02:27,sleep
02:27,02:28,sleep
02:28,02:29,sleep
02:29,02:30,sleep
02:30,02:31,sleep
02:31,02:32,sleep
02:32,02:33,sleep
02:33,02:34,sleep
02:34,02:35,sleep
02:35,02:36,sleep
02:36,02:37,sleep
02:37,02:38,sleep
02:38,02:39,sleep
02:39,02:40,sleep
02:40,02:41,sleep
02:41,02:42,sleep
02:42,02:43,sleep
02:43,02:44,sleep
02:44,02:45,sleep
02:45,02:46,sleep
02:46,02:47,sleep
02:47,02:48,sleep
02:48,02:49,sleep
02:49,02:50,sleep
02:50,02:51,sleep
02:51,02:52,sleep
02:52,02:53,sleep
02:53,02:54,sleep
02:54,02:55,sleep
02:55,02:56,sleep
02:56,02:57,sleep
02:57,02:58,sleep
02:58,02:59,sleep
02:59,03:00,sleep
03:00,03:01,sleep
03:01,03:02,sleep
03:02,03:03,sleep
03:03,03:04,sleep
03:04,03:05,sleep
03:05,03:06,sleep
03:06,03:07,sleep
03:07,03:08,sleep
03:08,03:09,sleep
03:09,03:10,sleep
03:10,03:11,sleep
03:11,03:12,sleep
03:12,03:13,sleep
03:13,03:14,sleep
03:14,03:15,sleep
03:15,03:16,sleep
03:16,03:17,sleep
03:17,03:18,sleep
03:18,03:19,sleep
03:19,03:20,sleep
03:20,03:21,sleep
03:21,03:22,sleep
03:22,03:23,sleep
03:23,03:24,sleep
03:24,03:25,sleep
03:25,03:26,sleep
03:26,03:27,sleep
03:27,03:28,sleep
03:28,03:29,sleep
03:29,03:30,sleep
03:30,03:31,sleep
03:31,03:32,sleep
03:32,03:33,sleep
03:33,03:34,sleep
03:34,03:35,sleep
03:35,03:36,sleep
03:36,03:37,sleep
03:37,03:38,sleep
03:38,03:39,sleep
03:39,03:40,sleep
03:40,03:41,sleep
03:41,03:42,sleep
03:42,03:43,sleep
03:43,03:44,sleep
03:44,03:45,sleep
03:45,03:46,sleep
03:46,03:47,sleep
03:47,03:48,sleep
03:48,03:49,sleep
03:49,03:50,sleep
03:50,03:51,sleep
03:51,03:52,sleep
03:52,03:53,sleep
03:53,03:54,sleep
03:54,03:55,sleep
03:55,03:56,sleep
03:56,03:57,sleep
03:57,03:58,sleep
03:58,03:59,sleep
03:59,04:00,sleep
04:00,04:01,sleep
04:01,04:02,sleep
04:02,04:03,sleep
04:03,04:04,sleep
04:04,04:05,sleep
04:05,04:06,sleep
04:06,04:07,sleep
04:07,04:08,sleep
04:08,04:09,sleep
04:09,04:10,sleep
04:10,04:11,sleep
04:11,04:12,sleep
04:12,04:13,sleep
04:13,04:14,sleep
04:14,04:15,sleep
04:15,04:16,sleep
04:16,04:17,sleep
04:17,04:18,sleep
04:18,04:19,sleep
04:19,04:20,sleep
04:20,04:21,sleep
04:21,04:22,sleep
04:22,04:23,sleep
04:23,04:24,sleep
04:24,04:25,sleep
04:25,04:26,sleep
04:26,04:27,sleep
04:27,04:28,sleep
04:28,04:29,sleep
04:29,04:30,sleep
04:30,04:31,sleep
04:31,04:32,sleep
04:32,04:33,sleep
04:33,04:34,sleep
04:34,04:35,sleep
04:35,04:36,sleep
04:36,04:37,sleep
04:37,04:38,sleep
04:38,04:39,sleep
04:39,04:40,sleep
04:40,04:41,sleep
04:41,04:42,sleep
04:42,04:43,sleep
04:43,04:44,sleep
04:44,04:45,sleep
04:45,04:46,sleep
04:46,04:47,sleep
04:47,04:48,sleep
04:48,04:49,sleep
04:49,04:50,sleep
04:50,04:51,sleep
04:51,04:52,sleep
04:52,04:53,sleep
04:53,04:54,sleep
04:54,04:55,sleep
04:55,04:56,sleep
04:56,04:57,sleep
04:57,04:58,sleep
04:58,04:59,sleep
04:59,05:00,sleep
05:00,05:01,sleep
05:01,05:02,sleep
05:02,05:03,sleep
05:03,05:04,sleep
05:04,05:05,sleep
05:05,05:06,sleep
05:06,05:07,sleep
05:07,05:08,sleep
05:08,05:09,sleep
05:09,05:10,sleep
05:10,05:11,sleep
05:11,05:12,sleep
05:12,05:13,sleep
05:13,05:14,sleep
05:14,05:15,sleep
05:15,05:16,sleep
05:16,05:17,sleep
05:17,05:18,sleep
05:18,05:19,sleep
05:19,05:20,sleep
05:20,05:21,sleep
05:21,05:22,sleep
05:22,05:23,sleep
05:23,05:24,sleep
05:24,05:25,sleep
05:25,05:26,sleep
05:26,05:27,sleep
05:27,05:28,sleep
05:28,05:29,sleep
05:29,05:30,sleep
05:30,05:31,hygiene
05:31,05:32,hygiene
05:32,05:33,hygiene
05:33,05:34,hygiene
05:34,05:35,hygiene
05:35,05:36,hygiene
05:36,05:37,hygiene
05:37,05:38,hygiene
05:38,05:39,hygiene
05:39,05:40,hygiene
05:40,05:41,hygiene
05:41,05:42,hygiene
05:42,05:43,hygiene
05:43,05:44,hygiene
05:44,05:45,hygiene
05:45,05:46,hygiene
05:46,05:47,hygiene
05:47,05:48,hygiene
05:48,05:49,hygiene
05:49,05:50,hygiene
05:50,05:51,hygiene
05:51,05:52,hygiene
05:52,05:53,hygiene
05:53,05:54,hygiene
05:54,05:55,hygiene
05:55,05:56,hygiene
05:56,05:57,hygiene
05:57,05:58,hygiene
05:58,05:59,hygiene
05:59,06:00,hygiene
06:00,06:01,breakfast
06:01,06:02,breakfast
06:02,06:03,breakfast
06:03,06:04,breakfast
06:04,06:05,breakfast
06:05,06:06,breakfast
06:06,06:07,breakfast
06:07,06:08,breakfast
06:08,06:09,breakfast
06:09,06:10,breakfast
06:10,06:11,breakfast
06:11,06:12,breakfast
06:12,06:13,breakfast
06:13,06:14,breakfast
06:14,06:15,breakfast
06:15,06:16,breakfast
06:16,06:17,breakfast
06:17,06:18,breakfast
06:18,06:19,breakfast
06:19,06:20,breakfast
06:20,06:21,breakfast
06:21,06:22,breakfast
06:22,06:23,breakfast
06:23,06:24,breakfast
06:24,06:25,breakfast
06:25,06:26,breakfast
06:26,06:27,breakfast
06:27,06:28,breakfast
06:28,06:29,breakfast
06:29,06:30,breakfast
06:30,06:31,commute
06:31,06:32,commute
06:32,06:33,commute
06:33,06:34,commute
06:34,06:35,commute
06:35,06:36,commute
06:36,06:37,commute
06:37,06:38,commute
06:38,06:39,commute
06:39,06:40,commute
06:40,06:41,commute
06:41,06:42,commute
06:42,06:43,commute
06:43,06:44,commute
06:44,06:45,commute
06:45,06:46,commute
06:46,06:47,commute
06:47,06:48,commute
06:48,06:49,commute
06:49,06:50,commute
06:50,06:51,commute
06:51,06:52,commute
06:52,06:53,commute
06:53,06:54,commute
06:54,06:55,commute
06:55,06:56,commute
06:56,06:57,commute
06:57,06:58,commute
06:58,06:59,commute
06:59,07:00,commute
07:00,07:01,commute
07:01,07:02,commute
07:02,07:03,commute
07:03,07:04,commute
07:04,07:05,commute
07:05,07:06,commute
07:06,07:07,commute
07:07,07:08,commute
07:08,07:09,commute
07:09,07:10,commute
07:10,07:11,commute
07:11,07:12,commute
07:12,07:13,commute
07:13,07:14,commute
07:14,07:15,commute
07:15,07:16,commute
07:16,07:17,commute
07:17,07:18,commute
07:18,07:19,commute
07:19,07:20,commute
07:20,07:21,commute
07:21,07:22,commute
07:22,07:23,commute
07:23,07:24,commute
07:24,07:25,commute
07:25,07:26,commute
07:26,07:27,commute
07:27,07:28,commute
07:28,07:29,commute
07:29,07:30,commute
07:30,07:31,ward-rounds
07:31,07:32,ward-rounds
07:32,07:33,ward-rounds
07:33,07:34,ward-rounds
07:34,07:35,ward-rounds
07:35,07:36,ward-rounds
07:36,07:37,ward-rounds
07:37,07:38,ward-rounds
07:38,07:39,ward-rounds
07:39,07:40,ward-rounds
07:40,07:41,ward-rounds
07:41,07:42,ward-rounds
07:42,07:43,ward-rounds
07:43,07:44,ward-rounds
07:44,07:45,ward-rounds
07:45,07:46,ward-rounds
07:46,07:47,ward-rounds
07:47,07:48,ward-rounds
07:48,07:49,ward-rounds
07:49,07:50,ward-rounds
07:50,07:51,ward-rounds
07:51,07:52,ward-rounds
07:52,07:53,ward-rounds
07:53,07:54,ward-rounds
07:54,07:55,ward-rounds
07:55,07:56,ward-rounds
07:56,07:57,ward-rounds
07:57,07:58,ward-rounds
07:58,07:59,ward-rounds
07:59,08:00,ward-rounds
08:00,08:01,ward-rounds
08:01,08:02,ward-rounds
08:02,08:03,ward-rounds
08:03,08:04,ward-rounds
08:04,08:05,ward-rounds
08:05,08:06,ward-rounds
08:06,08:07,ward-rounds
08:07,08:08,ward-rounds
08:08,08:09,ward-rounds
08:09,08:10,ward-rounds
08:10,08:11,ward-rounds
08:11,08:12,ward-rounds
08:12,08:13,ward-rounds
08:13,08:14,ward-rounds
08:14,08:15,ward-rounds
08:15,08:16,ward-rounds
08:16,08:17,ward-rounds
08:17,08:18,ward-rounds
08:18,08:19,ward-rounds
08:19,08:20,ward-rounds
08:20,08:21,ward-rounds
08:21,08:22,ward-rounds
08:22,08:23,ward-rounds
08:23,08:24,ward-rounds
08:24,08:25,ward-rounds
08:25,08:26,ward-rounds
08:26,08:27,ward-rounds
08:27,08:28,ward-rounds
08:28,08:29,ward-rounds
08:29,08:30,ward-rounds
08:30,08:31,ward-rounds
08:31,08:32,ward-rounds
08:32,08:33,ward-rounds
08:33,08:34,ward-rounds
08:34,08:35,ward-rounds
08:35,08:36,ward-rounds
08:36,08:37,ward-rounds
08:37,08:38,ward-rounds
08:38,08:39,ward-rounds
08:39,08:40,ward-rounds
08:40,08:41,ward-rounds
08:41,08:42,ward-rounds
08:42,08:43,ward-rounds
08:43,08:44,ward-rounds
08:44,08:45,ward-rounds
08:45,08:46,ward-rounds
08:46,08:47,ward-rounds
08:47,08:48,ward-rounds
08:48,08:49,ward-rounds
08:49,08:50,ward-rounds
08:50,08:51,ward-rounds
08:51,08:52,ward-rounds
08:52,08:53,ward-rounds
08:53,08:54,ward-rounds
08:54,08:55,ward-rounds
08:55,08:56,ward-rounds
08:56,08:57,ward-rounds
08:57,08:58,ward-rounds
08:58,08:59,ward-rounds
08:59,09:00,ward-rounds
09:00,09:01,ward-rounds
09:01,09:02,ward-rounds
09:02,09:03,ward-rounds
09:03,09:04,ward-rounds
09:04,09:05,ward-rounds
09:05,09:06,ward-rounds
09:06,09:07,ward-rounds
09:07,09:08,ward-rounds
09:08,09:09,ward-rounds
09:09,09:10,ward-rounds
09:10,09:11,ward-rounds
09:11,09:12,ward-rounds
09:12,09:13,ward-rounds
09:13,09:14,ward-rounds
09:14,09:15,ward-rounds
09:15,09:16,ward-rounds
09:16,09:17,ward-rounds
09:17,09:18,ward-rounds
09:18,09:19,ward-rounds
09:19,09:20,ward-rounds
09:20,09:21,ward-rounds
09:21,09:22,ward-rounds
09:22,09:23,ward-rounds
09:23,09:24,ward-rounds
09:24,09:25,ward-rounds
09:25,09:26,ward-rounds
09:26,09:27,ward-rounds
09:27,09:28,ward-rounds
09:28,09:29,ward-rounds
09:29,09:30,ward-rounds
09:30,09:31,ward-rounds
09:31,09:32,ward-rounds
09:32,09:33,ward-rounds
09:33,09:34,ward-rounds
09:34,09:35,ward-rounds
09:35,09:36,ward-rounds
09:36,09:37,ward-rounds
09:37,09:38,ward-rounds
09:38,09:39,ward-rounds
09:39,09:40,ward-rounds
09:40,09:41,ward-rounds
09:41,09:42,ward-rounds
09:42,09:43,ward-rounds
09:43,09:44,ward-rounds
09:44,09:45,ward-rounds
09:45,09:46,ward-rounds
09:46,09:47,ward-rounds
09:47,09:48,ward-rounds
09:48,09:49,ward-rounds
09:49,09:50,ward-rounds
09:50,09:51,ward-rounds
09:51,09:52,ward-rounds
09:52,09:53,ward-rounds
09:53,09:54,ward-rounds
09:54,09:55,ward-rounds
09:55,09:56,ward-rounds
09:56,09:57,ward-rounds
09:57,09:58,ward-rounds
09:58,09:59,ward-rounds
09:59,10:00,ward-rounds
10:00,10:01,ward-rounds
10:01,10:02,ward-rounds
10:02,10:03,ward-rounds
10:03,10:04,ward-rounds
10:04,10:05,ward-rounds
10:05,10:06,ward-rounds
10:06,10:07,ward-rounds
10:07,10:08,ward-rounds
10:08,10:09,ward-rounds
10:09,10:10,ward-rounds
10:10,10:11,ward-rounds
10:11,10:12,ward-rounds
10:12,10:13,ward-rounds
10:13,10:14,ward-rounds
10:14,10:15,ward-rounds
10:15,10:16,ward-rounds
10:16,10:17,ward-rounds
10:17,10:18,ward-rounds
10:18,10:19,ward-rounds
10:19,10:20,ward-rounds
10:20,10:21,ward-rounds
10:21,10:22,ward-rounds
10:22,10:23,ward-rounds
10:23,10:24,ward-rounds
10:24,10:25,ward-rounds
10:25,10:26,ward-rounds
10:26,10:27,ward-rounds
10:27,10:28,ward-rounds
10:28,10:29,ward-rounds
10:29,10:30,ward-rounds
10:30,10:31,ward-rounds
10:31,10:32,ward-rounds
10:32,10:33,ward-rounds
10:33,10:34,ward-rounds
10:34,10:35,ward-rounds
10:35,10:36,ward-rounds
10:36,10:37,ward-rounds
10:37,10:38,ward-rounds
10:38,10:39,ward-rounds
10:39,10:40,ward-rounds
10:40,10:41,ward-rounds
10:41,10:42,ward-rounds
10:42,10:43,ward-rounds
10:43,10:44,ward-rounds
10:44,10:45,ward-rounds
10:45,10:46,ward-rounds
10:46,10:47,ward-rounds
10:47,10:48,ward-rounds
10:48,10:49,ward-rounds
10:49,10:50,ward-rounds
10:50,10:51,ward-rounds
10:51,10:52,ward-rounds
10:52,10:53,ward-rounds
10:53,10:54,ward-rounds
10:54,10:55,ward-rounds
10:55,10:56,ward-rounds
10:56,10:57,ward-rounds
10:57,10:58,ward-rounds
10:58,10:59,ward-rounds
10:59,11:00,ward-rounds
11:00,11:01,ward-rounds
11:01,11:02,ward-rounds
11:02,11:03,ward-rounds
11:03,11:04,ward-rounds
11:04,11:05,ward-rounds
11:05,11:06,ward-rounds
11:06,11:07,ward-rounds
11:07,11:08,ward-rounds
11:08,11:09,ward-rounds
11:09,11:10,ward-rounds
11:10,11:11,ward-rounds
11:11,11:12,ward-rounds
11:12,11:13,ward-rounds
11:13,11:14,ward-rounds
11:14,11:15,ward-rounds
11:15,11:16,ward-rounds
11:16,11:17,ward-rounds
11:17,11:18,ward-rounds
11:18,11:19,ward-rounds
11:19,11:20,ward-rounds
11:20,11:21,ward-rounds
11:21,11:22,ward-rounds
11:22,11:23,ward-rounds
11:23,11:24,ward-rounds
11:24,11:25,ward-rounds
11:25,11:26,ward-rounds
11:26,11:27,ward-rounds
11:27,11:28,ward-rounds
11:28,11:29,ward-rounds
11:29,11:30,ward-rounds
11:30,11:31,ward-rounds
11:31,11:32,ward-rounds
11:32,11:33,ward-rounds
11:33,11:34,ward-rounds
11:34,11:35,ward-rounds
11:35,11:36,ward-rounds
11:36,11:37,ward-rounds
11:37,11:38,ward-rounds
11:38,11:39,ward-rounds
11:39,11:40,ward-rounds
11:40,11:41,ward-rounds
11:41,11:42,ward-rounds
11:42,11:43,ward-rounds
11:43,11:44,ward-rounds
11:44,11:45,ward-rounds
11:45,11:46,ward-rounds
11:46,11:47,ward-rounds
11:47,11:48,ward-rounds
11:48,11:49,ward-rounds
11:49,11:50,ward-rounds
11:50,11:51,ward-rounds
11:51,11:52,ward-rounds
11:52,11:53,ward-rounds
11:53,11:54,ward-rounds
11:54,11:55,ward-rounds
11:55,11:56,ward-rounds
11:56,11:57,ward-rounds
11:57,11:58,ward-rounds
11:58,11:59,ward-rounds
11:59,12:00,ward-rounds
12:00,12:01,ward-rounds
12:01,12:02,ward-rounds
12:02,12:03,ward-rounds
12:03,12:04,ward-rounds
12:04,12:05,ward-rounds
12:05,12:06,ward-rounds
12:06,12:07,ward-rounds
12:07,12:08,ward-rounds
12:08,12:09,ward-rounds
12:09,12:10,ward-rounds
12:10,12:11,ward-rounds
12:11,12:12,ward-rounds
12:12,12:13,ward-rounds
12:13,12:14,ward-rounds
12:14,12:15,ward-rounds
12:15,12:16,ward-rounds
12:16,12:17,ward-rounds
12:17,12:18,ward-rounds
12:18,12:19,ward-rounds
12:19,12:20,ward-rounds
12:20,12:21,ward-rounds
12:21,12:22,ward-rounds
12:22,12:23,ward-rounds
12:23,12:24,ward-rounds
12:24,12:25,ward-rounds
12:25,12:26,ward-rounds
12:26,12:27,ward-rounds
12:27,12:28,ward-rounds
12:28,12:29,ward-rounds
12:29,12:30,ward-rounds
12:30,12:31,ward-rounds
12:31,12:32,ward-rounds
12:32,12:33,ward-rounds
12:33,12:34,ward-rounds
12:34,12:35,ward-rounds
12:35,12:36,ward-rounds
12:36,12:37,ward-rounds
12:37,12:38,ward-rounds
12:38,12:39,ward-rounds
12:39,12:40,ward-rounds
12:40,12:41,ward-rounds
12:41,12:42,ward-rounds
12:42,12:43,ward-rounds
12:43,12:44,ward-rounds
12:44,12:45,ward-rounds
12:45,12:46,ward-rounds
12:46,12:47,ward-rounds
12:47,12:48,ward-rounds
12:48,12:49,ward-rounds
12:49,12:50,ward-rounds
12:50,12:51,ward-rounds
12:51,12:52,ward-rounds
12:52,12:53,ward-rounds
12:53,12:54,ward-rounds
12:54,12:55,ward-rounds
12:55,12:56,ward-rounds
12:56,12:57,ward-rounds
12:57,12:58,ward-rounds
12:58,12:59,ward-rounds
12:59,13:00,ward-rounds
13:00,13:01,lunch
13:01,13:02,lunch
13:02,13:03,lunch
13:03,13:04,lunch
13:04,13:05,lunch
13:05,13:06,lunch
13:06,13:07,lunch
13:07,13:08,lunch
13:08,13:09,lunch
13:09,13:10,lunch
13:10,13:11,lunch
13:11,13:12,lunch
13:12,13:13,lunch
13:13,13:14,lunch
13:14,13:15,lunch
13:15,13:16,lunch
13:16,13:17,lunch
13:17,13:18,lunch
13:18,13:19,lunch
13:19,13:20,lunch
13:20,13:21,lunch
13:21,13:22,lunch
13:22,13:23,lunch
13:23,13:24,lunch
13:24,13:25,lunch
13:25,13:26,lunch
13:26,13:27,lunch
13:27,13:28,lunch
13:28,13:29,lunch
13:29,13:30,lunch
13:30,13:31,clinic
13:31,13:32,clinic
13:32,13:33,clinic
13:33,13:34,clinic
13:34,13:35,clinic
13:35,13:36,clinic
13:36,13:37,clinic
13:37,13:38,clinic
13:38,13:39,clinic
13:39,13:40,clinic
13:40,13:41,clinic
13:41,13:42,clinic
13:42,13:43,clinic
13:43,13:44,clinic
13:44,13:45,clinic
13:45,13:46,clinic
13:46,13:47,clinic
13:47,13:48,clinic
13:48,13:49,clinic
13:49,13:50,clinic
13:50,13:51,clinic
13:51,13:52,clinic
13:52,13:53,clinic
13:53,13:54,clinic
13:54,13:55,clinic
13:55,13:56,clinic
13:56,13:57,clinic
13:57,13:58,clinic
13:58,13:59,clinic
13:59,14:00,clinic
14:00,14:01,clinic
14:01,14:02,clinic
14:02,14:03,clinic
14:03,14:04,clinic
14:04,14:05,clinic
14:05,14:06,clinic
14:06,14:07,clinic
14:07,14:08,clinic
14:08,14:09,clinic
14:09,14:10,clinic
14:10,14:11,clinic
14:11,14:12,clinic
14:12,14:13,clinic
14:13,14:14,clinic
14:14,14:15,clinic
14:15,14:16,clinic
14:16,14:17,clinic
14:17,14:18,clinic
14:18,14:19,clinic
14:19,14:20,clinic
14:20,14:21,clinic
14:21,14:22,clinic
14:22,14:23,clinic
14:23,14:24,clinic
14:24,14:25,clinic
14:25,14:26,clinic
14:26,14:27,clinic
14:27,14:28,clinic
14:28,14:29,clinic
14:29,14:30,clinic
14:30,14:31,clinic
14:31,14:32,clinic
14:32,14:33,clinic
14:33,14:34,clinic
14:34,14:35,clinic
14:35,14:36,clinic
14:36,14:37,clinic
14:37,14:38,clinic
14:38,14:39,clinic
14:39,14:40,clinic
14:40,14:41,clinic
14:41,14:42,clinic
14:42,14:43,clinic
14:43,14:44,clinic
14:44,14:45,clinic
14:45,14:46,clinic
14:46,14:47,clinic
14:47,14:48,clinic
14:48,14:49,clinic
14:49,14:50,clinic
14:50,14:51,clinic
14:51,14:52,clinic
14:52,14:53,clinic
14:53,14:54,clinic
14:54,14:55,clinic
14:55,14:56,clinic
14:56,14:57,clinic
14:57,14:58,clinic
14:58,14:59,clinic
14:59,15:00,clinic
15:00,15:01,clinic
15:01,15:02,clinic
15:02,15:03,clinic
15:03,15:04,clinic
15:04,15:05,clinic
15:05,15:06,clinic
15:06,15:07,clinic
15:07,15:08,clinic
15:08,15:09,clinic
15:09,15:10,clinic
15:10,15:11,clinic
15:11,15:12,clinic
15:12,15:13,clinic
15:13,15:14,clinic
15:14,15:15,clinic
15:15,15:16,clinic
15:16,15:17,clinic
15:17,15:18,clinic
15:18,15:19,clinic
15:19,15:20,clinic
15:20,15:21,clinic
15:21,15:22,clinic
15:22,15:23,clinic
15:23,15:24,clinic
15:24,15:25,clinic
15:25,15:26,clinic
15:26,15:27,clinic
15:27,15:28,clinic
15:28,15:29,clinic
15:29,15:30,clinic
15:30,15:31,clinic
15:31,15:32,clinic
15:32,15:33,clinic
15:33,15:34,clinic
15:34,15:35,clinic
15:35,15:36,clinic
15:36,15:37,clinic
15:37,15:38,clinic
15:38,15:39,clinic
15:39,15:40,clinic
15:40,15:41,clinic
15:41,15:42,clinic
15:42,15:43,clinic
15:43,15:44,clinic
15:44,15:45,clinic
15:45,15:46,clinic
15:46,15:47,clinic
15:47,15:48,clinic
15:48,15:49,clinic
15:49,15:50,clinic
15:50,15:51,clinic
15:51,15:52,clinic
15:52,15:53,clinic
15:53,15:54,clinic
15:54,15:55,clinic
15:55,15:56,clinic
15:56,15:57,clinic
15:57,15:58,clinic
15:58,15:59,clinic
15:59,16:00,clinic
16:00,16:01,clinic
16:01,16:02,clinic
16:02,16:03,clinic
16:03,16:04,clinic
16:04,16:05,clinic
16:05,16:06,clinic
16:06,16:07,clinic
16:07,16:08,clinic
16:08,16:09,clinic
16:09,16:10,clinic
16:10,16:11,clinic
16:11,16:12,clinic
16:12,16:13,clinic
16:13,16:14,clinic
16:14,16:15,clinic
16:15,16:16,clinic
16:16,16:17,clinic
16:17,16:18,clinic
16:18,16:19,clinic
16:19,16:20,clinic
16:20,16:21,clinic
16:21,16:22,clinic
16:22,16:23,clinic
16:23,16:24,clinic
16:24,16:25,clinic
16:25,16:26,clinic
16:26,16:27,clinic
16:27,16:28,clinic
16:28,16:29,clinic
16:29,16:30,clinic
16:30,16:31,clinic
16:31,16:32,clinic
16:32,16:33,clinic
16:33,16:34,clinic
16:34,16:35,clinic
16:35,16:36,clinic
16:36,16:37,clinic
16:37,16:38,clinic
16:38,16:39,clinic
16:39,16:40,clinic
16:40,16:41,clinic
16:41,16:42,clinic
16:42,16:43,clinic
16:43,16:44,clinic
16:44,16:45,clinic
16:45,16:46,clinic
16:46,16:47,clinic
16:47,16:48,clinic
16:48,16:49,clinic
16:49,16:50,clinic
16:50,16:51,clinic
16:51,16:52,clinic
16:52,16:53,clinic
16:53,16:54,clinic
16:54,16:55,clinic
16:55,16:56,clinic
16:56,16:57,clinic
16:57,16:58,clinic
16:58,16:59,clinic
16:59,17:00,clinic
17:00,17:01,clinic
17:01,17:02,clinic
17:02,17:03,clinic
17:03,17:04,clinic
17:04,17:05,clinic
17:05,17:06,clinic
17:06,17:07,clinic
17:07,17:08,clinic
17:08,17:09,clinic
17:09,17:10,clinic
17:10,17:11,clinic
17:11,17:12,clinic
17:12,17:13,clinic
17:13,17:14,clinic
17:14,17:15,clinic
17:15,17:16,clinic
17:16,17:17,clinic
17:17,17:18,clinic
17:18,17:19,clinic
17:19,17:20,clinic
17:20,17:21,clinic
17:21,17:22,clinic
17:22,17:23,clinic
17:23,17:24,clinic
17:24,17:25,clinic
17:25,17:26,clinic
17:26,17:27,clinic
17:27,17:28,clinic
17:28,17:29,clinic
17:29,17:30,clinic
17:30,17:31,clinic
17:31,17:32,clinic
17:32,17:33,clinic
17:33,17:34,clinic
17:34,17:35,clinic
17:35,17:36,clinic
17:36,17:37,clinic
17:37,17:38,clinic
17:38,17:39,clinic
17:39,17:40,clinic
17:40,17:41,clinic
17:41,17:42,clinic
17:42,17:43,clinic
17:43,17:44,clinic
17:44,17:45,clinic
17:45,17:46,clinic
17:46,17:47,clinic
17:47,17:48,clinic
17:48,17:49,clinic
17:49,17:50,clinic
17:50,17:51,clinic
17:51,17:52,clinic
17:52,17:53,clinic
17:53,17:54,clinic
17:54,17:55,clinic
17:55,17:56,clinic
17:56,17:57,clinic
17:57,17:58,clinic
17:58,17:59,clinic
17:59,18:00,clinic
18:00,18:01,commute
18:01,18:02,commute
18:02,18:03,commute
18:03,18:04,commute
18:04,18:05,commute
18:05,18:06,commute
18:06,18:07,commute
18:07,18:08,commute
18:08,18:09,commute
18:09,18:10,commute
18:10,18:11,commute
18:11,18:12,commute
18:12,18:13,commute
18:13,18:14,commute
18:14,18:15,commute
18:15,18:16,commute
18:16,18:17,commute
18:17,18:18,commute
18:18,18:19,commute
18:19,18:20,commute
18:20,18:21,commute
18:21,18:22,commute
18:22,18:23,commute
18:23,18:24,commute
18:24,18:25,commute
18:25,18:26,commute
18:26,18:27,commute
18:27,18:28,commute
18:28,18:29,commute
18:29,18:30,commute
18:30,18:31,commute
18:31,18:32,commute
18:32,18:33,commute
18:33,18:34,commute
18:34,18:35,commute
18:35,18:36,commute
18:36,18:37,commute
18:37,18:38,commute
18:38,18:39,commute
18:39,18:40,commute
18:40,18:41,commute
18:41,18:42,commute
18:42,18:43,commute
18:43,18:44,commute
18:44,18:45,commute
18:45,18:46,commute
18:46,18:47,commute
18:47,18:48,commute
18:48,18:49,commute
18:49,18:50,commute
18:50,18:51,commute
18:51,18:52,commute
18:52,18:53,commute
18:53,18:54,commute
18:54,18:55,commute
18:55,18:56,commute
18:56,18:57,commute
18:57,18:58,commute
18:58,18:59,commute
18:59,19:00,commute
19:00,19:01,dinner
19:01,19:02,dinner
19:02,19:03,dinner
19:03,19:04,dinner
19:04,19:05,dinner
19:05,19:06,dinner
19:06,19:07,dinner
19:07,19:08,dinner
19:08,19:09,dinner
19:09,19:10,dinner
19:10,19:11,dinner
19:11,19:12,dinner
19:12,19:13,dinner
19:13,19:14,dinner
19:14,19:15,dinner
19:15,19:16,dinner
19:16,19:17,dinner
19:17,19:18,dinner
19:18,19:19,dinner
19:19,19:20,dinner
19:20,19:21,dinner
19:21,19:22,dinner
19:22,19:23,dinner
19:23,19:24,dinner
19:24,19:25,dinner
19:25,19:26,dinner
19:26,19:27,dinner
19:27,19:28,dinner
19:28,19:29,dinner
19:29,19:30,dinner
19:30,19:31,dinner
19:31,19:32,dinner
19:32,19:33,dinner
19:33,19:34,dinner
19:34,19:35,dinner
19:35,19:36,dinner
19:36,19:37,dinner
19:37,19:38,dinner
19:38,19:39,dinner
19:39,19:40,dinner
19:40,19:41,dinner
19:41,19:42,dinner
19:42,19:43,dinner
19:43,19:44,dinner
19:44,19:45,dinner
19:45,19:46,dinner
19:46,19:47,dinner
19:47,19:48,dinner
19:48,19:49,dinner
19:49,19:50,dinner
19:50,19:51,dinner
19:51,19:52,dinner
19:52,19:53,dinner
19:53,19:54,dinner
19:54,19:55,dinner
19:55,19:56,dinner
19:56,19:57,dinner
19:57,19:58,dinner
19:58,19:59,dinner
19:59,20:00,dinner
20:00,20:01,paperwork
20:01,20:02,paperwork
20:02,20:03,paperwork
20:03,20:04,paperwork
20:04,20:05,paperwork
20:05,20:06,paperwork
20:06,20:07,paperwork
20:07,20:08,paperwork
20:08,20:09,paperwork
20:09,20:10,paperwork
20:10,20:11,paperwork
20:11,20:12,paperwork
20:12,20:13,paperwork
20:13,20:14,paperwork
20:14,20:15,paperwork
20:15,20:16,paperwork
20:16,20:17,paperwork
20:17,20:18,paperwork
20:18,20:19,paperwork
20:19,20:20,paperwork
20:20,20:21,paperwork
20:21,20:22,paperwork
20:22,20:23,paperwork
20:23,20:24,paperwork
20:24,20:25,paperwork
20:25,20:26,paperwork
20:26,20:27,paperwork
20:27,20:28,paperwork
20:28,20:29,paperwork
20:29,20:30,paperwork
20:30,20:31,paperwork
20:31,20:32,paperwork
20:32,20:33,paperwork
20:33,20:34,paperwork
20:34,20:35,paperwork
20:35,20:36,paperwork
20:36,20:37,paperwork
20:37,20:38,paperwork
20:38,20:39,paperwork
20:39,20:40,paperwork
20:40,20:41,paperwork
20:41,20:42,paperwork
20:42,20:43,paperwork
20:43,20:44,paperwork
20:44,20:45,paperwork
20:45,20:46,paperwork
20:46,20:47,paperwork
20:47,20:48,paperwork
20:48,20:49,paperwork
20:49,20:50,paperwork
20:50,20:51,paperwork
20:51,20:52,paperwork
20:52,20:53,paperwork
20:53,20:54,paperwork
20:54,20:55,paperwork
20:55,20:56,paperwork
20:56,20:57,paperwork
20:57,20:58,paperwork
20:58,20:59,paperwork
20:59,21:00,paperwork
21:00,21:01,paperwork
21:01,21:02,paperwork
21:02,21:03,paperwork
21:03,21:04,paperwork
21:04,21:05,paperwork
21:05,21:06,paperwork
21:06,21:07,paperwork
21:07,21:08,paperwork
21:08,21:09,paperwork
21:09,21:10,paperwork
21:10,21:11,paperwork
21:11,21:12,paperwork
21:12,21:13,paperwork
21:13,21:14,paperwork
21:14,21:15,paperwork
21:15,21:16,paperwork
21:16,21:17,paperwork
21:17,21:18,paperwork
21:18,21:19,paperwork
21:19,21:20,paperwork
21:20,21:21,paperwork
21:21,21:22,paperwork
21:22,21:23,paperwork
21:23,21:24,paperwork
21:24,21:25,paperwork
21:25,21:26,paperwork
21:26,21:27,paperwork
21:27,21:28,paperwork
21:28,21:29,paperwork
21:29,21:30,paperwork
21:30,21:31,paperwork
21:31,21:32,paperwork
21:32,21:33,paperwork
21:33,21:34,paperwork
21:34,21:35,paperwork
21:35,21:36,paperwork
21:36,21:37,paperwork
21:37,21:38,paperwork
21:38,21:39,paperwork
21:39,21:40,paperwork
21:40,21:41,paperwork
21:41,21:42,paperwork
21:42,21:43,paperwork
21:43,21:44,paperwork
21:44,21:45,paperwork
21:45,21:46,paperwork
21:46,21:47,paperwork
21:47,21:48,paperwork
21:48,21:49,paperwork
21:49,21:50,paperwork
21:50,21:51,paperwork
21:51,21:52,paperwork
21:52,21:53,paperwork
21:53,21:54,paperwork
21:54,21:55,paperwork
21:55,21:56,paperwork
21:56,21:57,paperwork
21:57,21:58,paperwork
21:58,21:59,paperwork
21:59,22:00,paperwork
22:00,22:01,sleep
22:01,22:02,sleep
22:02,22:03,sleep
22:03,22:04,sleep
22:04,22:05,sleep
22:05,22:06,sleep
22:06,22:07,sleep
22:07,22:08,sleep
22:08,22:09,sleep
22:09,22:10,sleep
22:10,22:11,sleep
22:11,22:12,sleep
22:12,22:13,sleep
22:13,22:14,sleep
22:14,22:15,sleep
22:15,22:16,sleep
22:16,22:17,sleep
22:17,22:18,sleep
22:18,22:19,sleep
22:19,22:20,sleep
22:20,22:21,sleep
22:21,22:22,sleep
22:22,22:23,sleep
22:23,22:24,sleep
22:24,22:25,sleep
22:25,22:26,sleep
22:26,22:27,sleep
22:27,22:28,sleep
22:28,22:29,sleep
22:29,22:30,sleep
22:30,22:31,sleep
22:31,22:32,sleep
22:32,22:33,sleep
22:33,22:34,sleep
22:34,22:35,sleep
22:35,22:36,sleep
22:36,22:37,sleep
22:37,22:38,sleep
22:38,22:39,sleep
22:39,22:40,sleep
22:40,22:41,sleep
22:41,22:42,sleep
22:42,22:43,sleep
22:43,22:44,sleep
22:44,22:45,sleep
22:45,22:46,sleep
22:46,22:47,sleep
22:47,22:48,sleep
22:48,22:49,sleep
22:49,22:50,sleep
22:50,22:51,sleep
22:51,22:52,sleep
22:52,22:53,sleep
22:53,22:54,sleep
22:54,22:55,sleep
22:55,22:56,sleep
22:56,22:57,sleep
22:57,22:58,sleep
22:58,22:59,sleep
22:59,23:00,sleep
23:00,23:01,sleep
23:01,23:02,sleep
23:02,23:03,sleep
23:03,23:04,sleep
23:04,23:05,sleep
23:05,23:06,sleep
23:06,23:07,sleep
23:07,23:08,sleep
23:08,23:09,sleep
23:09,23:10,sleep
23:10,23:11,sleep
23:11,23:12,sleep
23:12,23:13,sleep
23:13,23:14,sleep
23:14,23:15,sleep
23:15,23:16,sleep
23:16,23:17,sleep
23:17,23:18,sleep
23:18,23:19,sleep
23:19,23:20,sleep
23:20,23:21,sleep
23:21,23:22,sleep
23:22,23:23,sleep
23:23,23:24,sleep
23:24,23:25,sleep
23:25,23:26,sleep
23:26,23:27,sleep
23:27,23:28,sleep
23:28,23:29,sleep
23:29,23:30,sleep
23:30,23:31,sleep
23:31,23:32,sleep
23:32,23:33,sleep
23:33,23:34,sleep
23:34,23:35,sleep
23:35,23:36,sleep
23:36,23:37,sleep
23:37,23:38,sleep
23:38,23:39,sleep
23:39,23:40,sleep
23:40,23:41,sleep
23:41,23:42,sleep
23:42,23:43,sleep
23:43,23:44,sleep
23:44,23:45,sleep
23:45,23:46,sleep
23:46,23:47,sleep
23:47,23:48,sleep
23:48,23:49,sleep
23:49,23:50,sleep
23:50,23:51,sleep
23:51,23:52,sleep
23:52,23:53,sleep
23:53,23:54,sleep
23:54,23:55,sleep
23:55,23:56,sleep
23:56,23:57,sleep
23:57,23:58,sleep
23:58,23:59,sleep
23:59,24:00,sleep
